---------------------------------------------------------
----------------------- SYSTEM --------------------------
---------------------------------------------------------
--CREATE USER MusicStage IDENTIFIED BY MusicStage;
--GRANT RESOURCE, CONNECT, DBA TO MusicStage;
--ALTER USER MusicStage default tablespace users quota unlimited on users; -- 오라클 18c만 해당!
---------------------------------------------------------------------------------------

----------------------------------------------------------
------------------- DROP FOREIGN KEY ---------------------
----------------------------------------------------------
ALTER TABLE MEMBER DROP CONSTRAINT AUTH_FK;
ALTER TABLE BOARD DROP CONSTRAINT B_WRITER_FK;
ALTER TABLE BOARD DROP CONSTRAINT B_CATEGORY_FK;
ALTER TABLE BOARD_FILE DROP CONSTRAINT B_FILE_FK;
ALTER TABLE BOARD_FILE DROP CONSTRAINT F_TYPE_FK;
ALTER TABLE BOARD_FILE DROP CONSTRAINT F_UPLOADER_FK;
ALTER TABLE REPLY DROP CONSTRAINT R_REF_BOARD_FK;
ALTER TABLE REPLY DROP CONSTRAINT R_WRITER_FK;
ALTER TABLE FOLLOW DROP CONSTRAINT FOLLOW_FROM_FK;
ALTER TABLE FOLLOW DROP CONSTRAINT FOLLOW_TO_FK;
ALTER TABLE LIKE_INTERESTS_MANAGEMENT DROP CONSTRAINT LIKE_INTEREST_FK;
ALTER TABLE LIKE_INTERESTS_MANAGEMENT DROP CONSTRAINT LIKE_INTEREST_USER_FK;
ALTER TABLE LIKE_BOARD DROP CONSTRAINT LIKE_BOARD_NUMBER_FK;
ALTER TABLE LIKE_BOARD DROP CONSTRAINT LIKE_BOARD_USER_FK;
ALTER TABLE REPORT_BOARD DROP CONSTRAINT BOARD_REPORT_CATEGORY_FK;
ALTER TABLE REPORT_BOARD DROP CONSTRAINT REPORT_BOARD_FK;
ALTER TABLE REPORT_BOARD DROP CONSTRAINT REPORT_BOARD_FROM_FK;
ALTER TABLE REPORT_MEMBER DROP CONSTRAINT MEMBER_REPORT_CATEGORY_FK;
ALTER TABLE REPORT_MEMBER DROP CONSTRAINT REPORT_MEMBER_TO_FK;
ALTER TABLE REPORT_MEMBER DROP CONSTRAINT REPORT_MEMBER_FROM_FK;

ALTER TABLE ALARM DROP CONSTRAINT ALARM_RECEIVER_FK;
ALTER TABLE ALARM DROP CONSTRAINT ALARM_SENDER_FK;
ALTER TABLE ALARM DROP CONSTRAINT ALARM_BOARD_FK;
ALTER TABLE ALARM DROP CONSTRAINT ALARM_REPLY_FK;
ALTER TABLE ALARM DROP CONSTRAINT ALARM_ETC_BOARD_FK;
ALTER TABLE ALARM DROP CONSTRAINT ALARM_REGISTER_FK;
ALTER TABLE ALARM DROP CONSTRAINT ALARM_M_REPORT_FK;
ALTER TABLE ALARM DROP CONSTRAINT ALARM_B_REPORT_FK;
--ALTER TABLE ALARM DROP CONSTRAINT ALARM_CATEGORY_FK;
ALTER TABLE REGISTER_PRO DROP CONSTRAINT REGISTER_USER_FK;
ALTER TABLE REGISTER_FILE DROP CONSTRAINT REGISTER_NO_FK;
ALTER TABLE REGISTER_FILE DROP CONSTRAINT REGISTER_FILE_UPLOADER_FK;
ALTER TABLE ETC_BOARD DROP CONSTRAINT ETC_B_WRITER_FK;
ALTER TABLE ETC_BOARD_REPLY DROP CONSTRAINT ETC_BOARD_NUMBER_FK;
ALTER TABLE ETC_BOARD_REPLY DROP CONSTRAINT ETC_R_WRITER_FK;

ALTER TABLE MESSAGE DROP CONSTRAINT MESSAGE_SENDER_FK;
ALTER TABLE MESSAGE DROP CONSTRAINT MESSAGE_CHATROOM_ID_FK;
ALTER TABLE JOIN_ROOM DROP CONSTRAINT JOIN_ROOM_CHATROOM_ID_FK;
ALTER TABLE JOIN_ROOM DROP CONSTRAINT JOIN_ROOM_JOIN_USERID_FK;




---------------------------------------------------------------------------------------

----------------------------------------------------------
---------------------- DROP TABLE ------------------------
----------------------------------------------------------
DROP TABLE ALARM CASCADE CONSTRAINTS;
--DROP TABLE ALARM_CATEGORIES CASCADE CONSTRAINTS;
DROP TABLE AUTHORITIES CASCADE CONSTRAINTS;
DROP TABLE BOARD CASCADE CONSTRAINTS;
DROP TABLE BOARD_CATEGORIES CASCADE CONSTRAINTS;
DROP TABLE BOARD_FILE CASCADE CONSTRAINTS;
DROP TABLE BOARD_REPORT_CATEGORIES CASCADE CONSTRAINTS;
DROP TABLE ETC_BOARD CASCADE CONSTRAINTS;
DROP TABLE ETC_BOARD_REPLY CASCADE CONSTRAINTS;
DROP TABLE FILE_TYPE CASCADE CONSTRAINTS;
DROP TABLE FOLLOW CASCADE CONSTRAINTS;
DROP TABLE LIKE_BOARD CASCADE CONSTRAINTS;
DROP TABLE LIKE_INTERESTS CASCADE CONSTRAINTS;
DROP TABLE LIKE_INTERESTS_MANAGEMENT CASCADE CONSTRAINTS;
DROP TABLE MEMBER CASCADE CONSTRAINTS;
DROP TABLE MEMBER_REPORT_CATEGORIES CASCADE CONSTRAINTS;
DROP TABLE REGISTER_FILE CASCADE CONSTRAINTS;
DROP TABLE REGISTER_PRO CASCADE CONSTRAINTS;
DROP TABLE REPLY CASCADE CONSTRAINTS;
DROP TABLE REPORT_BOARD CASCADE CONSTRAINTS;
DROP TABLE REPORT_MEMBER CASCADE CONSTRAINTS;
DROP TABLE SAVE_BOARD CASCADE CONSTRAINTS;

DROP TABLE CHATTING_ROOM CASCADE CONSTRAINTS;
DROP TABLE MESSAGE CASCADE CONSTRAINTS; 
DROP TABLE JOIN_ROOM CASCADE CONSTRAINTS;

----------------------------------------------------------
---------------------- DROP SEQUENCE ---------------------
----------------------------------------------------------
DROP SEQUENCE B_SEQ; -- BOARD SEQUENCE
DROP SEQUENCE R_SEQ; -- REPLY SEQUENCE
DROP SEQUENCE F_SEQ; -- FILE SEQUENCE
DROP SEQUENCE RPB_SEQ; -- REPORT_BOARD SEQUENCE
DROP SEQUENCE RPM_SEQ; -- REPORT_MEMBER SEQUENCE
DROP SEQUENCE EB_SEQ; -- ETC_BOARD SEQUENCE
DROP SEQUENCE ER_SEQ; -- ETC_REPLY SEQUENCE
DROP SEQUENCE A_SEQ; -- ALARM SEQUENCE
DROP SEQUENCE RG_SEQ; -- REGISTER_PRO SEQUENCE
DROP SEQUENCE RGF_SEQ; -- REGISTER_FILE SEQUENCE

DROP SEQUENCE FOL_SEQ; -- FOLLOW_CODE SEQUENCE
DROP SEQUENCE LIKE_SEQ; -- LIKE_BOARD_CODE SEQUENCE
DROP SEQUENCE SAVE_SEQ; -- SAVE_BOARD_CODE SEQUENCE

DROP SEQUENCE CHAT_SEQ; -- CHATROOM_ID SEQUENCE
DROP SEQUENCE MSG_SEQ; -- MESSAGE_ID SEQUENCE
DROP SEQUENCE JOIN_SEQ; -- JOIN_ID SEQUENCE

---------------------------------------------------------------------------------------

------------------------------------------------------------
---------------------- CREATE TABLE ------------------------
------------------------------------------------------------
CREATE TABLE MEMBER (
	USERID	        VARCHAR2(40)	                PRIMARY KEY,
	PASSWORD	    VARCHAR2(255)	                NOT NULL,
	NICKNAME	    VARCHAR2(50)	                NOT NULL,
	USERNAME	    VARCHAR2(20)	                NOT NULL,
	BIRTHDAY	    DATE	                        NOT NULL,
    GENDER          CHAR(1)                         NOT NULL,
	EMAIL	        VARCHAR2(200)	                NOT NULL,
	PHONE	        VARCHAR2(40)	                NOT NULL,
	ADDRESS	        VARCHAR2(200)	                NOT NULL,
	URL_ADDRESS	    VARCHAR2(200)	                NULL,
	ENABLED	        CHAR(1)	        DEFAULT '1'     NOT NULL,
	REPORT_COUNT	NUMBER	        DEFAULT 0       NOT NULL,
	PROFILE_PIC	    VARCHAR2(200)                   NULL,
	JOIN_DATE	    DATE	                        NOT NULL,
	FOLLOWER_COUNT	NUMBER	        DEFAULT 0       NOT NULL,	
	FOLLOWING_COUNT	NUMBER	        DEFAULT 0       NOT NULL,
	INTRODUCE	    VARCHAR2(200)	                NULL,
	PRO_APPROVE	    VARCHAR2(1)	    DEFAULT 'N'     NOT NULL,
   	AUTHORITY	    NUMBER	                        NOT NULL
    
--    CONSTRAINT AUTH_FK FOREIGN KEY (AUTHORITY) REFERENCES AUTHORITIES (AUTHORITY)
);

CREATE TABLE BOARD (
	BOARD_NUMBER	        NUMBER	                        PRIMARY KEY,
	BOARD_TITLE	            VARCHAR2(200)	                NOT NULL,
	BOARD_CONTENT	        CLOB                            NOT NULL,
	READ_COUNT	            NUMBER	        DEFAULT 0       NOT NULL,	
	LIKE_COUNT	            NUMBER	        DEFAULT 0       NOT NULL,	
	BOARD_ENABLED	        CHAR(1)	        DEFAULT '1'     NOT NULL,	
	REPORT_COUNT	        NUMBER	        DEFAULT 0       NOT NULL,	
	B_WRITE_DATE	        TIMESTAMP	                    NOT NULL,
    B_MODIFY_DATE	        TIMESTAMP	                    NOT NULL,
	BOARD_APPROVE	        VARCHAR(1)	    DEFAULT 'Y'     NOT NULL,	
	SUB_CURRICULUM	        CLOB                            NULL,
	SUB_ADDRESS	            VARCHAR2(300)	                NULL,
	SUB_DELIVERY_FORMAT	    VARCHAR2(300)	                NULL,
	SEARCH_TYPE	            VARCHAR2(5)	                    NULL,
	SUB_CATEGORY	        VARCHAR2(300)	                NULL,
   	BOARD_CATEGORY	        NUMBER	                        NOT NULL,
   	B_WRITER	            VARCHAR2(40)	                NOT NULL
--    CONSTRAINT B_WRITER_FK FOREIGN KEY (B_WRITER) REFERENCES MEMBER (USERID)
--    CONSTRAINT B_CATEGORY_FK FOREIGN KEY (BOARD_CATEGORY) REFERENCES BOARD_CATEGORIES (BOARD_CATEGORY)
);

CREATE TABLE BOARD_FILE (
	FILE_NUMBER	            NUMBER	        PRIMARY KEY,
    FILE_ORIGIN_NAME        VARCHAR2(250)   NOT NULL,
    FILE_CHANGE_NAME        VARCHAR2(250)   NOT NULL,
	FILE__EXTENSION_NAME    VARCHAR2(20)    NOT NULL,
    FILE_SIZE	            VARCHAR2(50)	NOT NULL,
	FILE_UPLOAD_DATE	    TIMESTAMP	    NOT NULL,
	FILE_PATH               VARCHAR2(1000)  NOT NULL,
    FILE_THUMBNAIL          CHAR(1)         NOT NULL,
    BOARD_NUMBER	        NUMBER	        NOT NULL,
    FILE_TYPE	            NUMBER	        NOT NULL,
	FILE_UPLOADER	        VARCHAR2(40)	NOT NULL
    
--    CONSTRAINT B_FILE_FK FOREIGN KEY (BOARD_NUMBER) REFERENCES BOARD (BOARD_NUMBER)
--    CONSTRAINT F_TYPE_FK FOREIGN KEY (FILE_TYPE) REFERENCES FILE_TYPE (FILE_TYPE)
--    CONSTRAINT F_UPLOADER_FK FOREIGN KEY (FILE_UPLOADER) REFERENCES MEMBER (USERID)
);

CREATE TABLE REPLY (
	REPLY_NUMBER	    NUMBER	                    PRIMARY KEY,
	REPLY_CONTENT	    VARCHAR2(1000)	            NOT NULL,
	R_WRITE_DATE	    TIMESTAMP	                NOT NULL,
	REPLY_STEP	        CHAR(1)	                    NOT NULL,	
	PARENT_NUMBER	    NUMBER	                    NOT NULL,
    REPLY_ENABLED	    CHAR(1)	        DEFAULT 1   NOT NULL,
    R_WRITER	        VARCHAR2(40)	            NOT NULL,
    REF_BOARD_NUMBER	NUMBER	                    NOT NULL
--    CONSTRAINT R_REF_BOARD_FK FOREIGN KEY (REF_BOARD_NUMBER) REFERENCES BOARD (BOARD_NUMBER)
--    CONSTRAINT R_WRITER_FK FOREIGN KEY (R_WRITER) REFERENCES MEMBER (USERID)
);

CREATE TABLE BOARD_CATEGORIES (
	BOARD_CATEGORY	        NUMBER	        PRIMARY KEY,
	BOARD_CATEGORY_NAME	    VARCHAR2(50)	NOT NULL
);

CREATE TABLE AUTHORITIES (
	AUTHORITY	    NUMBER	        PRIMARY KEY,
	AUTHORITY_NAME	VARCHAR2(100)	NOT NULL
);

CREATE TABLE FOLLOW (
    FOLLOW_CODE 	NUMBER		    PRIMARY KEY,
    FOLLOW_FROM	    VARCHAR2(40)	NOT NULL,
	FOLLOW_TO	    VARCHAR2(40)	NOT NULL,
    FOLLOW_DATE	    TIMESTAMP	    NOT NULL,	
    FOLLOW_CHECK	CHAR(1)		    NOT NULL
    
--    CONSTRAINT FOLLOW_FROM_FK FOREIGN KEY (FOLLOW_FROM) REFERENCES MEMBER (USERID)
--    CONSTRAINT FOLLOW_TO_FK FOREIGN KEY (FOLLOW_TO) REFERENCES MEMBER (USERID)
);

CREATE TABLE LIKE_INTERESTS (
	LIKE_INTEREST	    NUMBER	        PRIMARY KEY,
	LIKE_INTEREST_NAME	VARCHAR2(30)	NOT NULL 
);

CREATE TABLE LIKE_INTERESTS_MANAGEMENT (
	LIKE_INTEREST	    NUMBER	        NOT NULL,
	LIKE_INTEREST_USER	VARCHAR2(40)	NOT NULL
    
--    CONSTRAINT LIKE_INTEREST_FK FOREIGN KEY (LIKE_INTEREST) REFERENCES LIKE_INTERESTS (LIKE_INTEREST)
--    CONSTRAINT LIKE_INTEREST_USER_FK FOREIGN KEY (LIKE_INTEREST_USER) REFERENCES MEMBER (USERID)
);

CREATE TABLE LIKE_BOARD (
    LIKE_BOARD_CODE		NUMBER		    PRIMARY KEY,
	LIKE_BOARD_NUMBER	NUMBER	        NOT NULL,
	LIKE_BOARD_USER	    VARCHAR2(40)	NOT NULL,
    LIKE_BOARD_DATE		TIMESTAMP	    NOT NULL,
    LIKE_BOARD_CHECK	CHAR(1)		    NOT NULL
    
--    CONSTRAINT LIKE_BOARD_NUMBER_FK FOREIGN KEY (LIKE_BOARD_NUMBER) REFERENCES BOARD (BOARD_NUMBER)
--    CONSTRAINT LIKE_BOARD_USER_FK FOREIGN KEY (LIKE_BOARD_USER) REFERENCES MEMBER (USERID)    
);

CREATE TABLE REPORT_BOARD (
	REPORT_NO	            NUMBER	                        PRIMARY KEY,
	REPORT_CONTENT	        VARCHAR(255)	                NOT NULL,
	REPORT_DATE	            TIMESTAMP	                    NOT NULL,
	REPORT_STATUS	        VARCHAR2(1)	    DEFAULT 'W'     NOT NULL,	
	BOARD_REPORT_CATEGORY	NUMBER	                        NOT NULL,
	REPORT_BOARD	        NUMBER	                        NOT NULL,
	REPORT_FROM	            VARCHAR2(40)	                NOT NULL
    
--    CONSTRAINT BOARD_REPORT_CATEGORY_FK FOREIGN KEY (BOARD_REPORT_CATEGORY) REFERENCES BOARD_REPORT_CATEGORIES (BOARD_REPORT_CATEGORY)
--    CONSTRAINT REPORT_BOARD_FK FOREIGN KEY (REPORT_BOARD) REFERENCES BOARD (BOARD_NUMBER)
--    CONSTRAINT REPORT_BOARD_FROM_FK FOREIGN KEY (REPORT_FROM) REFERENCES MEMBER (USERID)
);

CREATE TABLE BOARD_REPORT_CATEGORIES (
	BOARD_REPORT_CATEGORY	    NUMBER	        PRIMARY KEY,
	BOARD_REPORT_CATEGORY_NAME	VARCHAR2(30)	NOT NULL
);

CREATE TABLE MEMBER_REPORT_CATEGORIES (
	MEMBER_REPORT_CATEGORY	    NUMBER	        PRIMARY KEY,
	MEMBER_REPORT_CATEGORY_NAME	VARCHAR2(30)	NOT NULL
);

CREATE TABLE REPORT_MEMBER (
	REPORT_NO	            NUMBER	                        PRIMARY KEY,
	REPORT_CONTENT	        VARCHAR(255)	                NOT NULL,
	REPORT_DATE	            TIMESTAMP	                    NOT NULL,
	REPORT_STATUS	        VARCHAR2(1)	    DEFAULT 'W'     NOT NULL,	
	MEMBER_REPORT_CATEGORY	NUMBER	                        NOT NULL,
	REPORT_TO	            VARCHAR2(40)	                NOT NULL,
	REPORT_FROM	            VARCHAR2(40)	                NOT NULL
    
--    CONSTRAINT MEMBER_REPORT_CATEGORY_FK FOREIGN KEY (MEMBER_REPORT_CATEGORY) REFERENCES MEMBER_REPORT_CATEGORIES (MEMBER_REPORT_CATEGORY)
--    CONSTRAINT REPORT_MEMBER_TO_FK FOREIGN KEY (REPORT_TO) REFERENCES MEMBER (USERID)
--    CONSTRAINT REPORT_MEMBER_FROM_FK FOREIGN KEY (REPORT_FROM) REFERENCES MEMBER (USERID)
);

CREATE TABLE SAVE_BOARD (
    SAVE_BOARD_CODE	    NUMBER		    PRIMARY KEY,
	SAVE_BOARD_NUMBER	NUMBER	        NOT NULL,
	SAVE_BOARD_USER	    VARCHAR2(40)	NOT NULL,
    SAVE_BOARD_DATE		TIMESTAMP	    NOT NULL,
    SAVE_BOARD_CHECK	CHAR(1)		    NOT NULL
);

CREATE TABLE FILE_TYPE (
	FILE_TYPE	    NUMBER	        PRIMARY KEY,
	FILE_TYPE_NAME	VARCHAR2(10)	NOT NULL
);


CREATE TABLE ALARM (
	ALARM_NO	    NUMBER	        PRIMARY KEY,
	ALARM_TITLE	    VARCHAR2(300)	NULL,
	ALARM_CONTENT	VARCHAR2(1000)	NULL,
	ALARM_TYPE	    VARCHAR2(30)	NOT NULL,
    ALARM_DATE	    TIMESTAMP	    NOT NULL,
    ALARM_ISREAD    CHAR(1)         NOT NULL,
    ALARM_URL       VARCHAR2(300)   NULL,
    ALARM_SENDER    VARCHAR2(40)    NULL,
    ALARM_RECEIVER  VARCHAR2(40)    NULL,
    BOARD_NO        NUMBER          NULL,
    REPLY_NO        NUMBER          NULL,
    ETC_BOARD_NO    NUMBER          NULL,
    REGISTER_NO     NUMBER          NULL,
    M_REPORT_NO     NUMBER          NULL,
    B_REPORT_NO     NUMBER          NULL
--	ALARM_CATEGORY	VARCHAR2(40)	NOT NULL
    
--    CONSTRAINT ALARM_SENDER_FK FOREIGN KEY (ALARM_SENDER) REFERENCES MEMBER (USERID)    
--    CONSTRAINT ALARM_RECEIVER_FK FOREIGN KEY (ALARM_RECEIVER) REFERENCES MEMBER (USERID)
--    CONSTRAINT ALARM_BOARD_FK FOREIGN KEY (BOARD_NO) REFERENCES BOARD (BOARD_NUMBER)
--    CONSTRAINT ALARM_REPLY_FK FOREIGN KEY (REPLY_NO) REFERENCES REPLY (REPLY_NUMBER)
--    CONSTRAINT ALARM_ETC_BOARD_FK FOREIGN KEY (ETC_BOARD_NO) REFERENCES MEMBER (BOARD_NUMBER)
--    CONSTRAINT ALARM_SENDER_FK FOREIGN KEY (REGISTER_NO) REFERENCES MEMBER (REGISTER_NO)    
--    CONSTRAINT ALARM_M_REPORT_FK FOREIGN KEY (M_REPORT_NO) REFERENCES MEMBER (REPORT_NO)
--    CONSTRAINT ALARM_B_REPORT_FK FOREIGN KEY (B_REPORT_NO) REFERENCES MEMBER (REPORT_NO)

--    CONSTRAINT ALARM_CATEGORY_FK FOREIGN KEY (ALARM_CATEGORY) REFERENCES ALARM_CATEGORIES (ALARM_CATEGORY)    
);

--CREATE TABLE ALARM_CATEGORIES (
--	ALARM_CATEGORY	    VARCHAR(255)	PRIMARY KEY,
--	ALARM_CATEGORY_NAME	VARCHAR(255)	NOT NULL
--);

CREATE TABLE REGISTER_PRO (
	REGISTER_NO	        NUMBER	                    PRIMARY KEY,
	SPECIALTY_FIELD	    VARCHAR2(100)	            NULL,
	INTRODUCE	        VARCHAR2(500)	            NULL,
	SCHOOL_NAME	        VARCHAR2(100)	            NULL,
	MAJOR	            VARCHAR2(1000)	            NULL,
	CAREER	            VARCHAR2(500)	            NULL,
	CERTIFICATION	    VARCHAR2(300)	            NULL,
	SPECIAL_CATEGORY	VARCHAR2(300)	            NOT NULL,
	SERVICE_TYPE	    VARCHAR2(300)	            NOT NULL,
    REGISTER_DATE	    TIMESTAMP	                NOT NULL,
	REGISTER_APPROVE	VARCHAR2(1)	   DEFAULT 'W'  NOT NULL,
    REGISTER_USER	    VARCHAR2(40)	            NOT NULL

--    CONSTRAINT REGISTER_USER_FK FOREIGN KEY (REGISTER_USER) REFERENCES MEMBER (USERID)    
);

CREATE TABLE REGISTER_FILE (
	FILE_NUMBER	        NUMBER	        PRIMARY KEY,
    FILE_ORIGIN_NAME    VARCHAR2(250)   NOT NULL,
    FILE_CHANGE_NAME    VARCHAR2(250)   NOT NULL,
    FILE_EXTENSION_NAME VARCHAR2(250)   NOT NULL,
	FILE_SIZE	        VARCHAR2(50)	NOT NULL,
	FILE_UPLOAD_DATE	TIMESTAMP	    NOT NULL,
	FILE_PATH           VARCHAR2(1000)  NOT NULL,
    FILE_THUMBNAIL      CHAR(1)         NOT NULL,
    REGISTER_NO 	    NUMBER	        NOT NULL,
    FILE_TYPE	        NUMBER	        NOT NULL,
	FILE_UPLOADER	    VARCHAR2(40)	NOT NULL
    
--    CONSTRAINT REGISTER_NO_FK FOREIGN KEY (REGISTER_NO) REFERENCES REGISTER_PRO (REGISTER_NO)
--    CONSTRAINT REGISTER_FILE_UPLOADER_FK FOREIGN KEY (FILE_UPLOADER) REFERENCES MEMBER (USERID)
--    CONSTRAINT RF_TYPE_FK FOREIGN KEY (FILE_TYPE) REFERENCES FILE_TYPE (FILE_TYPE)
);

CREATE TABLE ETC_BOARD (
	BOARD_NUMBER	NUMBER	                    PRIMARY KEY,
	BOARD_CATEGORY	VARCHAR2(40)	            NOT NULL,
	BOARD_TITLE	    VARCHAR2(200)	            NOT NULL,
	BOARD_CONTENT	VARCHAR2(1000)	            NOT NULL,
	BOARD_ENABLED	CHAR(1)	      DEFAULT '1'   NOT NULL,	
	B_WRITE_DATE	TIMESTAMP	                NOT NULL,
	B_WRITER	    VARCHAR2(40)	            NOT NULL
    
--    CONSTRAINT ETC_B_WRITER_FK FOREIGN KEY (B_WRITER) REFERENCES MEMBER (USERID)
);

CREATE TABLE ETC_BOARD_REPLY (
	REPLY_NUMBER	NUMBER	                    PRIMARY KEY,
	REPLY_CONTENT	VARCHAR2(1000)	            NOT NULL,
	R_WRITE_DATE	TIMESTAMP	                NOT NULL,
	REPLY_ENABLED	CHAR(1)	      DEFAULT '1'   NOT NULL,
    BOARD_NUMBER	NUMBER	                    NOT NULL,
    R_WRITER	    VARCHAR2(40)	            NOT NULL
    
--    CONSTRAINT ETC_BOARD_NUMBER_FK FOREIGN KEY (BOARD_NUMBER) REFERENCES BOARD (BOARD_NUMBER)
--    CONSTRAINT ETC_R_WRITER_FK FOREIGN KEY (R_WRITER) REFERENCES MEMBER (USERID)
);

CREATE TABLE CHATTING_ROOM (
    CHATROOM_ID     NUMBER          PRIMARY KEY,
    CHATROOM_TIME   TIMESTAMP       NOT NULL
);

CREATE TABLE MESSAGE (
    MESSAGE_ID          NUMBER                          PRIMARY KEY,
    MESSAGE_CONTENT     VARCHAR(2000)                   NOT NULL,
    MESSAGE_SENDTIME    TIMESTAMP                       NOT NULL,
    MESSAGE_ISREAD      CHAR(1)         DEFAULT '0'     NOT NULL,
    MESSAGE_SENDER      VARCHAR2(40)                    NOT NULL,
    CHATROOM_ID         NUMBER                          NOT NULL
    
--    CONSTRAINT MESSAGE_SENDER_FK FOREIGN KEY (MESSAGE_SENDER) REFERENCES MEMBER (USERID)
--    CONSTRAINT MESSAGE_CHATROOM_ID_FK FOREIGN KEY (CHATROOM_ID) REFERENCES CHATTING_ROOM (CHATROOM_ID)
);

CREATE TABLE JOIN_ROOM (
    JOIN_ID         NUMBER          PRIMARY KEY,
    CHATROOM_ID     NUMBER          NOT NULL,
    JOIN_USERID  VARCHAR2(40)    NOT NULL
    
--    CONSTRAINT JOIN_ROOM_CHATROOM_ID_FK FOREIGN KEY (CHATROOM_ID) REFERENCES CHATTING_ROOM (CHATROOM_ID)
--    CONSTRAINT JOIN_ROOM_JOIN_USERID_FK FOREIGN KEY (JOIN_USERID) REFERENCES MEMBER (USERID)        
);

---------------------------------------------------------------------------------------------


----------------------------------------------------------
------------------- ALTER FOREIGN KEY --------------------
----------------------------------------------------------
-------- MEMBER FOREIGN KEY ---------
ALTER TABLE MEMBER ADD CONSTRAINT AUTH_FK FOREIGN KEY 
(AUTHORITY) REFERENCES AUTHORITIES (AUTHORITY);


-------- BOARD FOREIGN KEY ---------
ALTER TABLE BOARD ADD CONSTRAINT B_WRITER_FK FOREIGN KEY 
(B_WRITER) REFERENCES MEMBER (USERID);

ALTER TABLE BOARD ADD CONSTRAINT B_CATEGORY_FK FOREIGN KEY 
(BOARD_CATEGORY) REFERENCES BOARD_CATEGORIES (BOARD_CATEGORY);


-------- BOARD_FILE FOREIGN KEY ---------
ALTER TABLE BOARD_FILE ADD CONSTRAINT B_FILE_FK FOREIGN KEY 
(BOARD_NUMBER) REFERENCES BOARD (BOARD_NUMBER);

ALTER TABLE BOARD_FILE ADD CONSTRAINT F_TYPE_FK FOREIGN KEY 
(FILE_TYPE) REFERENCES FILE_TYPE (FILE_TYPE);

ALTER TABLE BOARD_FILE ADD CONSTRAINT F_UPLOADER_FK FOREIGN KEY 
(FILE_UPLOADER) REFERENCES MEMBER (USERID);


-------- REPLY FOREIGN KEY ---------
ALTER TABLE REPLY ADD CONSTRAINT R_REF_BOARD_FK FOREIGN KEY 
(REF_BOARD_NUMBER) REFERENCES BOARD (BOARD_NUMBER);

ALTER TABLE REPLY ADD CONSTRAINT R_WRITER_FK FOREIGN KEY 
(R_WRITER) REFERENCES MEMBER (USERID);


-------- FOLLOW FOREIGN KEY ---------
ALTER TABLE FOLLOW ADD CONSTRAINT FOLLOW_FROM_FK FOREIGN KEY 
(FOLLOW_FROM) REFERENCES MEMBER (USERID);

ALTER TABLE FOLLOW ADD CONSTRAINT FOLLOW_TO_FK FOREIGN KEY 
(FOLLOW_TO) REFERENCES MEMBER (USERID);


-------- LIKE_INTERESTS_MANAGEMENT FOREIGN KEY ---------
ALTER TABLE LIKE_INTERESTS_MANAGEMENT ADD CONSTRAINT LIKE_INTEREST_FK FOREIGN KEY 
(LIKE_INTEREST) REFERENCES LIKE_INTERESTS (LIKE_INTEREST);

ALTER TABLE LIKE_INTERESTS_MANAGEMENT ADD CONSTRAINT LIKE_INTEREST_USER_FK FOREIGN KEY 
(LIKE_INTEREST_USER) REFERENCES MEMBER (USERID);


-------- LIKE_BOARD FOREIGN KEY ---------
ALTER TABLE LIKE_BOARD ADD CONSTRAINT LIKE_BOARD_NUMBER_FK FOREIGN KEY 
(LIKE_BOARD_NUMBER) REFERENCES BOARD (BOARD_NUMBER);

ALTER TABLE LIKE_BOARD ADD CONSTRAINT LIKE_BOARD_USER_FK FOREIGN KEY 
(LIKE_BOARD_USER) REFERENCES MEMBER (USERID);


-------- REPORT_BOARD FOREIGN KEY ---------
ALTER TABLE REPORT_BOARD ADD CONSTRAINT BOARD_REPORT_CATEGORY_FK FOREIGN KEY 
(BOARD_REPORT_CATEGORY) REFERENCES BOARD_REPORT_CATEGORIES (BOARD_REPORT_CATEGORY);

ALTER TABLE REPORT_BOARD ADD CONSTRAINT REPORT_BOARD_FK FOREIGN KEY 
(REPORT_BOARD) REFERENCES BOARD (BOARD_NUMBER);

ALTER TABLE REPORT_BOARD ADD CONSTRAINT REPORT_BOARD_FROM_FK FOREIGN KEY 
(REPORT_FROM) REFERENCES MEMBER (USERID);


-------- REPORT_MEMBER FOREIGN KEY ---------
ALTER TABLE REPORT_MEMBER ADD CONSTRAINT MEMBER_REPORT_CATEGORY_FK FOREIGN KEY 
(MEMBER_REPORT_CATEGORY) REFERENCES MEMBER_REPORT_CATEGORIES (MEMBER_REPORT_CATEGORY);

ALTER TABLE REPORT_MEMBER ADD CONSTRAINT REPORT_MEMBER_TO_FK FOREIGN KEY 
(REPORT_TO) REFERENCES MEMBER (USERID);

ALTER TABLE REPORT_MEMBER ADD CONSTRAINT REPORT_MEMBER_FROM_FK FOREIGN KEY 
(REPORT_FROM) REFERENCES MEMBER (USERID);


-------- ALARM FOREIGN KEY ---------
ALTER TABLE ALARM ADD CONSTRAINT ALARM_SENDER_FK FOREIGN KEY 
(ALARM_SENDER) REFERENCES MEMBER (USERID);

ALTER TABLE ALARM ADD CONSTRAINT ALARM_RECEIVER_FK FOREIGN KEY 
(ALARM_RECEIVER) REFERENCES MEMBER (USERID);

ALTER TABLE ALARM ADD CONSTRAINT ALARM_BOARD_FK FOREIGN KEY 
(BOARD_NO) REFERENCES BOARD (BOARD_NUMBER);

ALTER TABLE ALARM ADD CONSTRAINT ALARM_REPLY_FK FOREIGN KEY 
(REPLY_NO) REFERENCES REPLY (REPLY_NUMBER);

ALTER TABLE ALARM ADD CONSTRAINT ALARM_ETC_BOARD_FK FOREIGN KEY 
(ETC_BOARD_NO) REFERENCES ETC_BOARD (BOARD_NUMBER);

ALTER TABLE ALARM ADD CONSTRAINT ALARM_REGISTER_FK FOREIGN KEY 
(REGISTER_NO) REFERENCES REGISTER_PRO (REGISTER_NO);

ALTER TABLE ALARM ADD CONSTRAINT ALARM_M_REPORT_FK FOREIGN KEY 
(M_REPORT_NO) REFERENCES REPORT_MEMBER (REPORT_NO);

ALTER TABLE ALARM ADD CONSTRAINT ALARM_B_REPORT_FK FOREIGN KEY 
(B_REPORT_NO) REFERENCES REPORT_BOARD (REPORT_NO);

--ALTER TABLE ALARM ADD CONSTRAINT ALARM_CATEGORY_FK FOREIGN KEY 
--(ALARM_CATEGORY) REFERENCES ALARM_CATEGORIES (ALARM_CATEGORY);   


-------- REGISTER_PRO FOREIGN KEY ---------
ALTER TABLE REGISTER_PRO ADD CONSTRAINT REGISTER_USER_FK FOREIGN KEY 
(REGISTER_USER) REFERENCES MEMBER (USERID);


-------- REGISTER_FILE FOREIGN KEY ---------
ALTER TABLE REGISTER_FILE ADD CONSTRAINT REGISTER_NO_FK FOREIGN KEY 
(REGISTER_NO) REFERENCES REGISTER_PRO (REGISTER_NO);

ALTER TABLE REGISTER_FILE ADD CONSTRAINT REGISTER_FILE_UPLOADER_FK FOREIGN KEY 
(FILE_UPLOADER) REFERENCES MEMBER (USERID);

ALTER TABLE REGISTER_FILE ADD CONSTRAINT RF_TYPE_FK FOREIGN KEY 
(FILE_TYPE) REFERENCES FILE_TYPE (FILE_TYPE);


-------- ETC_BOARD FOREIGN KEY ---------
ALTER TABLE ETC_BOARD ADD CONSTRAINT ETC_B_WRITER_FK FOREIGN KEY 
(B_WRITER) REFERENCES MEMBER (USERID);


-------- ETC_BOARD_REPLY FOREIGN KEY ---------
ALTER TABLE ETC_BOARD_REPLY ADD CONSTRAINT ETC_BOARD_NUMBER_FK FOREIGN KEY 
(BOARD_NUMBER) REFERENCES BOARD (BOARD_NUMBER);

ALTER TABLE ETC_BOARD_REPLY ADD CONSTRAINT ETC_R_WRITER_FK FOREIGN KEY 
(R_WRITER) REFERENCES MEMBER (USERID);


-------- MESSAGE FOREIGN KEY ---------
ALTER TABLE MESSAGE ADD CONSTRAINT MESSAGE_SENDER_FK FOREIGN KEY 
(MESSAGE_SENDER) REFERENCES MEMBER (USERID);

ALTER TABLE MESSAGE ADD CONSTRAINT MESSAGE_CHATROOM_ID_FK FOREIGN KEY 
(CHATROOM_ID) REFERENCES CHATTING_ROOM (CHATROOM_ID); 


-------- JOIN_ROOM FOREIGN KEY ---------
ALTER TABLE JOIN_ROOM ADD CONSTRAINT JOIN_ROOM_CHATROOM_ID_FK FOREIGN KEY 
(CHATROOM_ID) REFERENCES CHATTING_ROOM (CHATROOM_ID);

ALTER TABLE JOIN_ROOM ADD CONSTRAINT JOIN_ROOM_JOIN_USERID_FK FOREIGN KEY 
(JOIN_USERID) REFERENCES MEMBER (USERID);



----------------------------------------------------------------------------------------


----------------------------------------------------------
-------------------- CREATE SEQEUNCE ---------------------
----------------------------------------------------------
CREATE SEQUENCE B_SEQ START WITH 1 INCREMENT BY 1; -- BOARD SEQUENCE
CREATE SEQUENCE R_SEQ START WITH 1 INCREMENT BY 1; -- REPLY SEQUENCE
CREATE SEQUENCE F_SEQ START WITH 1 INCREMENT BY 1; -- FILE SEQUENCE
CREATE SEQUENCE RPB_SEQ START WITH 1 INCREMENT BY 1; -- REPORT_BOARD SEQUENCE
CREATE SEQUENCE RPM_SEQ START WITH 1 INCREMENT BY 1; -- REPORT_MEMBER SEQUENCE
CREATE SEQUENCE EB_SEQ START WITH 1 INCREMENT BY 1; -- ETC_BOARD SEQUENCE
CREATE SEQUENCE ER_SEQ START WITH 1 INCREMENT BY 1; -- ETC_REPLY SEQUENCE
CREATE SEQUENCE A_SEQ START WITH 1 INCREMENT BY 1; -- ALARM SEQUENCE
CREATE SEQUENCE RG_SEQ START WITH 1 INCREMENT BY 1; -- REGISTER_PRO SEQUENCE
CREATE SEQUENCE RGF_SEQ START WITH 1 INCREMENT BY 1; -- REGISTER_FILE SEQUENCE

CREATE SEQUENCE FOL_SEQ START WITH 1 INCREMENT BY 1; -- FOLLOW_CODE SEQUENCE
CREATE SEQUENCE LIKE_SEQ START WITH 1 INCREMENT BY 1; -- LIKE_BOARD_CODE SEQUENCE
CREATE SEQUENCE SAVE_SEQ START WITH 1 INCREMENT BY 1; -- SAVE_BOARD_CODE SEQUENCE

CREATE SEQUENCE CHAT_SEQ START WITH 1 INCREMENT BY 1; -- CHATROOM_ID SEQUENCE
CREATE SEQUENCE MSG_SEQ START WITH 1 INCREMENT BY 1; -- MESSAGE_ID SEQUENCE
CREATE SEQUENCE JOIN_SEQ START WITH 1 INCREMENT BY 1; -- JOIN_ID SEQUENCE

----------------------------------------------------------
------------------- CREATE PRESET DATA -------------------
----------------------------------------------------------

------------------ INSERT AUTHORITIES --------------------
INSERT INTO AUTHORITIES VALUES(1, 'AMATEUR_ROLL');
INSERT INTO AUTHORITIES VALUES(2, 'PRO_ROLL');
INSERT INTO AUTHORITIES VALUES(99, 'ADMIN_ROLL');

------------------ INSERT BOARD_CATEGORIES --------------------
INSERT INTO BOARD_CATEGORIES VALUES(1, 'SOCIAL');
INSERT INTO BOARD_CATEGORIES VALUES(2, 'SEARCH');
INSERT INTO BOARD_CATEGORIES VALUES(3, 'COLUMN');
INSERT INTO BOARD_CATEGORIES VALUES(4, 'REVIEW');

------------------ INSERT LIKE_INTERESTS --------------------
INSERT INTO LIKE_INTERESTS VALUES(1, '노래/보컬');
INSERT INTO LIKE_INTERESTS VALUES(2, '기타/베이스');
INSERT INTO LIKE_INTERESTS VALUES(3, '드럼');
INSERT INTO LIKE_INTERESTS VALUES(4, '피아노');
INSERT INTO LIKE_INTERESTS VALUES(5, '현악기');
INSERT INTO LIKE_INTERESTS VALUES(6, '관악기');
INSERT INTO LIKE_INTERESTS VALUES(7, '작사/작곡');
INSERT INTO LIKE_INTERESTS VALUES(8, '밴드/합주');
INSERT INTO LIKE_INTERESTS VALUES(9, '인디음악');
INSERT INTO LIKE_INTERESTS VALUES(10, '랩/힙합/DJ');
INSERT INTO LIKE_INTERESTS VALUES(11, '클래식');
INSERT INTO LIKE_INTERESTS VALUES(12, '재즈');
INSERT INTO LIKE_INTERESTS VALUES(13, '뉴에이지');
INSERT INTO LIKE_INTERESTS VALUES(14, '락/메탈');
INSERT INTO LIKE_INTERESTS VALUES(15, '일렉트로닉');
INSERT INTO LIKE_INTERESTS VALUES(16, '트로트');
INSERT INTO LIKE_INTERESTS VALUES(17, '국악');
INSERT INTO LIKE_INTERESTS VALUES(18, '찬양/CCM');

-------------- INSERT BOARD_REPORT_CATEGORIES ----------------
INSERT INTO BOARD_REPORT_CATEGORIES VALUES(1, '개인정보 유출');
INSERT INTO BOARD_REPORT_CATEGORIES VALUES(2, '비방/비하/욕설');
INSERT INTO BOARD_REPORT_CATEGORIES VALUES(3, '스팸/광고');
INSERT INTO BOARD_REPORT_CATEGORIES VALUES(4, '음란성');
INSERT INTO BOARD_REPORT_CATEGORIES VALUES(5, '불법성');
INSERT INTO BOARD_REPORT_CATEGORIES VALUES(6, '부적절한 광고');
INSERT INTO BOARD_REPORT_CATEGORIES VALUES(7, '악성코드 유포');

-------------- INSERT MEMBER_REPORT_CATEGORIES ----------------
INSERT INTO MEMBER_REPORT_CATEGORIES VALUES(1, '사칭/도용');
INSERT INTO MEMBER_REPORT_CATEGORIES VALUES(2, '욕설');   
INSERT INTO MEMBER_REPORT_CATEGORIES VALUES(3, '스팸/광고');
INSERT INTO MEMBER_REPORT_CATEGORIES VALUES(4, '허위사실유포');
INSERT INTO MEMBER_REPORT_CATEGORIES VALUES(5, '저작권 침해');

----------------- INSERT ALARM_CATEGORIES -------------------
--INSERT INTO ALARM_CATEGORIES VALUES(1, '신고');
--INSERT INTO ALARM_CATEGORIES VALUES(2, '공지');
--INSERT INTO ALARM_CATEGORIES VALUES(3, 'Q/A');
--INSERT INTO ALARM_CATEGORIES VALUES(4, '전문가 등록 승인');
--INSERT INTO ALARM_CATEGORIES VALUES(5, '게시글 등록 승인');
--INSERT INTO ALARM_CATEGORIES VALUES(6, '좋아요');
--INSERT INTO ALARM_CATEGORIES VALUES(7, '댓글');
--INSERT INTO ALARM_CATEGORIES VALUES(8, '팔로잉');

------------------ INSERT FILE_TYPE --------------------
INSERT INTO FILE_TYPE VALUES(1, 'IMG');
INSERT INTO FILE_TYPE VALUES(2, 'VIDEO');
INSERT INTO FILE_TYPE VALUES(3, 'AUDIO');
INSERT INTO FILE_TYPE VALUES(4, 'ETC');




----------------------------------------------------------
------------------- CREATE SAMPLE DATA -------------------
----------------------------------------------------------

--------------------- INSERT MEMBER ----------------------
INSERT INTO MEMBER(USERID, PASSWORD, NICKNAME, USERNAME, BIRTHDAY, GENDER, EMAIL, PHONE, ADDRESS, URL_ADDRESS,
ENABLED, REPORT_COUNT, PROFILE_PIC, JOIN_DATE, FOLLOWER_COUNT, FOLLOWING_COUNT, INTRODUCE, PRO_APPROVE, AUTHORITY)
VALUES('user01', 'user01', '유저닉네임01', '유저이름01', TO_DATE('2020-10-30', 'YYYY-MM-DD'), 'M', 'user01@nate.com', '01011111111', '유저 사는 그 집01', 'www.user01.com', 
DEFAULT, DEFAULT, NULL, SYSDATE, DEFAULT, DEFAULT, '안녕하세요 저는 유저01입니다.', DEFAULT, '1');

INSERT INTO MEMBER(USERID, PASSWORD, NICKNAME, USERNAME, BIRTHDAY, GENDER, EMAIL, PHONE, ADDRESS, URL_ADDRESS,
ENABLED, REPORT_COUNT, PROFILE_PIC, JOIN_DATE, FOLLOWER_COUNT, FOLLOWING_COUNT, INTRODUCE, PRO_APPROVE, AUTHORITY)
VALUES('user02', 'user02', '유저닉네임02', '유저이름02', TO_DATE('2020-10-30', 'YYYY-MM-DD'), 'W', 'user02@nate.com', '01022222222', '유저 사는 그 집02', 'www.user02.com', 
DEFAULT, DEFAULT, NULL, SYSDATE, DEFAULT, DEFAULT, '안녕하세요 저는 유저02입니다.', DEFAULT, '1');

INSERT INTO MEMBER(USERID, PASSWORD, NICKNAME, USERNAME, BIRTHDAY, GENDER, EMAIL, PHONE, ADDRESS, URL_ADDRESS,
ENABLED, REPORT_COUNT, PROFILE_PIC, JOIN_DATE, FOLLOWER_COUNT, FOLLOWING_COUNT, INTRODUCE, PRO_APPROVE, AUTHORITY)
VALUES('user03', 'user03', '유저닉네임03', '유저이름03', TO_DATE('2020-10-30', 'YYYY-MM-DD'), 'M', 'user03@nate.com', '01033333333', '유저 사는 그 집03', 'www.user03.com', 
DEFAULT, DEFAULT, NULL, SYSDATE, DEFAULT, DEFAULT, '안녕하세요 저는 유저03입니다.', DEFAULT, '1');

INSERT INTO MEMBER(USERID, PASSWORD, NICKNAME, USERNAME, BIRTHDAY, GENDER, EMAIL, PHONE, ADDRESS, URL_ADDRESS,
ENABLED, REPORT_COUNT, PROFILE_PIC, JOIN_DATE, FOLLOWER_COUNT, FOLLOWING_COUNT, INTRODUCE, PRO_APPROVE, AUTHORITY)
VALUES('user04', 'user04', '유저닉네임04', '유저이름04', TO_DATE('2020-10-30', 'YYYY-MM-DD'), 'W', 'user04@nate.com', '01044444444', '유저 사는 그 집04', 'www.user04.com', 
DEFAULT, DEFAULT, NULL, SYSDATE, DEFAULT, DEFAULT, '안녕하세요 저는 유저04입니다.', DEFAULT, '1');

INSERT INTO MEMBER(USERID, PASSWORD, NICKNAME, USERNAME, BIRTHDAY, GENDER, EMAIL, PHONE, ADDRESS, URL_ADDRESS,
ENABLED, REPORT_COUNT, PROFILE_PIC, JOIN_DATE, FOLLOWER_COUNT, FOLLOWING_COUNT, INTRODUCE, PRO_APPROVE, AUTHORITY)
VALUES('user05', 'user05', '유저닉네임05', '유저이름05', TO_DATE('2020-10-30', 'YYYY-MM-DD'), 'W', 'user05@nate.com', '01044444444', '유저 사는 그 집05', 'www.user05.com', 
DEFAULT, DEFAULT, NULL, SYSDATE, DEFAULT, DEFAULT, '안녕하세요 저는 유저05입니다.', DEFAULT, '1');

INSERT INTO MEMBER(USERID, PASSWORD, NICKNAME, USERNAME, BIRTHDAY, GENDER, EMAIL, PHONE, ADDRESS, URL_ADDRESS,
ENABLED, REPORT_COUNT, PROFILE_PIC, JOIN_DATE, FOLLOWER_COUNT, FOLLOWING_COUNT, INTRODUCE, PRO_APPROVE, AUTHORITY)
VALUES('user06', 'user06', '유저닉네임06', '유저이름06', TO_DATE('2020-10-30', 'YYYY-MM-DD'), 'W', 'user06@nate.com', '01044444444', '유저 사는 그 집06', 'www.user06.com', 
DEFAULT, DEFAULT, NULL, SYSDATE, DEFAULT, DEFAULT, '안녕하세요 저는 유저06입니다.', DEFAULT, '1');

INSERT INTO MEMBER(USERID, PASSWORD, NICKNAME, USERNAME, BIRTHDAY, GENDER, EMAIL, PHONE, ADDRESS, URL_ADDRESS,
ENABLED, REPORT_COUNT, PROFILE_PIC, JOIN_DATE, FOLLOWER_COUNT, FOLLOWING_COUNT, INTRODUCE, PRO_APPROVE, AUTHORITY)
VALUES('user07', 'user07', '유저닉네임07', '유저이름07', TO_DATE('2020-10-30', 'YYYY-MM-DD'), 'W', 'user07@nate.com', '01044444444', '유저 사는 그 집07', 'www.user07.com', 
DEFAULT, DEFAULT, NULL, SYSDATE, DEFAULT, DEFAULT, '안녕하세요 저는 유저07입니다.', DEFAULT, '1');

INSERT INTO MEMBER(USERID, PASSWORD, NICKNAME, USERNAME, BIRTHDAY, GENDER, EMAIL, PHONE, ADDRESS, URL_ADDRESS,
ENABLED, REPORT_COUNT, PROFILE_PIC, JOIN_DATE, FOLLOWER_COUNT, FOLLOWING_COUNT, INTRODUCE, PRO_APPROVE, AUTHORITY)
VALUES('user08', 'user08', '유저닉네임08', '유저이름08', TO_DATE('2020-10-30', 'YYYY-MM-DD'), 'W', 'user08@nate.com', '01044444444', '유저 사는 그 집08', 'www.user08.com', 
DEFAULT, DEFAULT, NULL, SYSDATE, DEFAULT, DEFAULT, '안녕하세요 저는 유저08입니다.', DEFAULT, '1');

INSERT INTO MEMBER(USERID, PASSWORD, NICKNAME, USERNAME, BIRTHDAY, GENDER, EMAIL, PHONE, ADDRESS, URL_ADDRESS,
ENABLED, REPORT_COUNT, PROFILE_PIC, JOIN_DATE, FOLLOWER_COUNT, FOLLOWING_COUNT, INTRODUCE, PRO_APPROVE, AUTHORITY)
VALUES('user09', 'user09', '유저닉네임09', '유저이름09', TO_DATE('2020-10-30', 'YYYY-MM-DD'), 'W', 'user09@nate.com', '01044444444', '유저 사는 그 집09', 'www.user09.com', 
DEFAULT, DEFAULT, NULL, SYSDATE, DEFAULT, DEFAULT, '안녕하세요 저는 유저09입니다.', DEFAULT, '1');

INSERT INTO MEMBER(USERID, PASSWORD, NICKNAME, USERNAME, BIRTHDAY, GENDER, EMAIL, PHONE, ADDRESS, URL_ADDRESS,
ENABLED, REPORT_COUNT, PROFILE_PIC, JOIN_DATE, FOLLOWER_COUNT, FOLLOWING_COUNT, INTRODUCE, PRO_APPROVE, AUTHORITY)
VALUES('user10', 'user10', '유저닉네임10', '유저이름10', TO_DATE('2020-10-30', 'YYYY-MM-DD'), 'W', 'user10@nate.com', '01044444444', '유저 사는 그 집10', 'www.user10.com', 
DEFAULT, DEFAULT, NULL, SYSDATE, DEFAULT, DEFAULT, '안녕하세요 저는 유저10입니다.', DEFAULT, '1');

INSERT INTO MEMBER(USERID, PASSWORD, NICKNAME, USERNAME, BIRTHDAY, GENDER, EMAIL, PHONE, ADDRESS, URL_ADDRESS,
ENABLED, REPORT_COUNT, PROFILE_PIC, JOIN_DATE, FOLLOWER_COUNT, FOLLOWING_COUNT, INTRODUCE, PRO_APPROVE, AUTHORITY)
VALUES('user11', 'user11', '유저닉네임11', '유저이름11', TO_DATE('2020-10-30', 'YYYY-MM-DD'), 'W', 'user11@nate.com', '01044444444', '유저 사는 그 집11', 'www.user11.com', 
DEFAULT, DEFAULT, NULL, SYSDATE, DEFAULT, DEFAULT, '안녕하세요 저는 유저11입니다.', DEFAULT, '1');

INSERT INTO MEMBER(USERID, PASSWORD, NICKNAME, USERNAME, BIRTHDAY, GENDER, EMAIL, PHONE, ADDRESS, URL_ADDRESS,
ENABLED, REPORT_COUNT, PROFILE_PIC, JOIN_DATE, FOLLOWER_COUNT, FOLLOWING_COUNT, INTRODUCE, PRO_APPROVE, AUTHORITY)
VALUES('user12', 'user12', '유저닉네임12', '유저이름12', TO_DATE('2020-10-30', 'YYYY-MM-DD'), 'W', 'user12@nate.com', '01044444444', '유저 사는 그 집12', 'www.user12.com', 
DEFAULT, DEFAULT, NULL, SYSDATE, DEFAULT, DEFAULT, '안녕하세요 저는 유저12입니다.', DEFAULT, '1');

INSERT INTO MEMBER(USERID, PASSWORD, NICKNAME, USERNAME, BIRTHDAY, GENDER, EMAIL, PHONE, ADDRESS, URL_ADDRESS,
ENABLED, REPORT_COUNT, PROFILE_PIC, JOIN_DATE, FOLLOWER_COUNT, FOLLOWING_COUNT, INTRODUCE, PRO_APPROVE, AUTHORITY)
VALUES('user13', 'user13', '유저닉네임13', '유저이름13', TO_DATE('2020-10-30', 'YYYY-MM-DD'), 'W', 'user13@nate.com', '01044444444', '유저 사는 그 집13', 'www.user13.com', 
DEFAULT, DEFAULT, NULL, SYSDATE, DEFAULT, DEFAULT, '안녕하세요 저는 유저13입니다.', DEFAULT, '1');

INSERT INTO MEMBER(USERID, PASSWORD, NICKNAME, USERNAME, BIRTHDAY, GENDER, EMAIL, PHONE, ADDRESS, URL_ADDRESS,
ENABLED, REPORT_COUNT, PROFILE_PIC, JOIN_DATE, FOLLOWER_COUNT, FOLLOWING_COUNT, INTRODUCE, PRO_APPROVE, AUTHORITY)
VALUES('user14', 'user14', '유저닉네임14', '유저이름14', TO_DATE('2020-10-30', 'YYYY-MM-DD'), 'W', 'user14@nate.com', '01044444444', '유저 사는 그 집14', 'www.user14.com', 
DEFAULT, DEFAULT, NULL, SYSDATE, DEFAULT, DEFAULT, '안녕하세요 저는 유저14입니다.', DEFAULT, '1');

INSERT INTO MEMBER(USERID, PASSWORD, NICKNAME, USERNAME, BIRTHDAY, GENDER, EMAIL, PHONE, ADDRESS, URL_ADDRESS,
ENABLED, REPORT_COUNT, PROFILE_PIC, JOIN_DATE, FOLLOWER_COUNT, FOLLOWING_COUNT, INTRODUCE, PRO_APPROVE, AUTHORITY)
VALUES('user15', 'user15', '유저닉네임15', '유저이름15', TO_DATE('2020-10-30', 'YYYY-MM-DD'), 'W', 'user15@nate.com', '01044444444', '유저 사는 그 집15', 'www.user15.com', 
DEFAULT, DEFAULT, NULL, SYSDATE, DEFAULT, DEFAULT, '안녕하세요 저는 유저15입니다.', DEFAULT, '1');

INSERT INTO MEMBER(USERID, PASSWORD, NICKNAME, USERNAME, BIRTHDAY, GENDER, EMAIL, PHONE, ADDRESS, URL_ADDRESS,
ENABLED, REPORT_COUNT, PROFILE_PIC, JOIN_DATE, FOLLOWER_COUNT, FOLLOWING_COUNT, INTRODUCE, PRO_APPROVE, AUTHORITY)
VALUES('user16', 'user16', '유저닉네임16', '유저이름16', TO_DATE('2020-10-30', 'YYYY-MM-DD'), 'W', 'user16@nate.com', '01044444444', '유저 사는 그 집16', 'www.user16.com', 
DEFAULT, DEFAULT, NULL, SYSDATE, DEFAULT, DEFAULT, '안녕하세요 저는 유저16입니다.', DEFAULT, '1');

INSERT INTO MEMBER(USERID, PASSWORD, NICKNAME, USERNAME, BIRTHDAY, GENDER, EMAIL, PHONE, ADDRESS, URL_ADDRESS,
ENABLED, REPORT_COUNT, PROFILE_PIC, JOIN_DATE, FOLLOWER_COUNT, FOLLOWING_COUNT, INTRODUCE, PRO_APPROVE, AUTHORITY)
VALUES('user17', 'user17', '유저닉네임17', '유저이름17', TO_DATE('2020-10-30', 'YYYY-MM-DD'), 'W', 'user17@nate.com', '01044444444', '유저 사는 그 집17', 'www.user17.com', 
DEFAULT, DEFAULT, NULL, SYSDATE, DEFAULT, DEFAULT, '안녕하세요 저는 유저17입니다.', DEFAULT, '1');

INSERT INTO MEMBER(USERID, PASSWORD, NICKNAME, USERNAME, BIRTHDAY, GENDER, EMAIL, PHONE, ADDRESS, URL_ADDRESS,
ENABLED, REPORT_COUNT, PROFILE_PIC, JOIN_DATE, FOLLOWER_COUNT, FOLLOWING_COUNT, INTRODUCE, PRO_APPROVE, AUTHORITY)
VALUES('user18', 'user18', '유저닉네임18', '유저이름18', TO_DATE('2020-10-30', 'YYYY-MM-DD'), 'W', 'user18@nate.com', '01044444444', '유저 사는 그 집18', 'www.user18.com', 
DEFAULT, DEFAULT, NULL, SYSDATE, DEFAULT, DEFAULT, '안녕하세요 저는 유저18입니다.', DEFAULT, '1');

INSERT INTO MEMBER(USERID, PASSWORD, NICKNAME, USERNAME, BIRTHDAY, GENDER, EMAIL, PHONE, ADDRESS, URL_ADDRESS,
ENABLED, REPORT_COUNT, PROFILE_PIC, JOIN_DATE, FOLLOWER_COUNT, FOLLOWING_COUNT, INTRODUCE, PRO_APPROVE, AUTHORITY)
VALUES('user19', 'user19', '유저닉네임19', '유저이름19', TO_DATE('2020-10-30', 'YYYY-MM-DD'), 'W', 'user19@nate.com', '01044444444', '유저 사는 그 집19', 'www.user19.com', 
DEFAULT, DEFAULT, NULL, SYSDATE, DEFAULT, DEFAULT, '안녕하세요 저는 유저19니다.', DEFAULT, '1');

INSERT INTO MEMBER(USERID, PASSWORD, NICKNAME, USERNAME, BIRTHDAY, GENDER, EMAIL, PHONE, ADDRESS, URL_ADDRESS,
ENABLED, REPORT_COUNT, PROFILE_PIC, JOIN_DATE, FOLLOWER_COUNT, FOLLOWING_COUNT, INTRODUCE, PRO_APPROVE, AUTHORITY)
VALUES('user20', 'user20', '유저닉네임20', '유저이름20', TO_DATE('2020-10-30', 'YYYY-MM-DD'), 'W', 'user20@nate.com', '01044444444', '유저 사는 그 집20', 'www.user20.com', 
DEFAULT, DEFAULT, NULL, SYSDATE, DEFAULT, DEFAULT, '안녕하세요 저는 유저20입니다.', DEFAULT, '1');

INSERT INTO MEMBER(USERID, PASSWORD, NICKNAME, USERNAME, BIRTHDAY, GENDER, EMAIL, PHONE, ADDRESS, URL_ADDRESS,
ENABLED, REPORT_COUNT, PROFILE_PIC, JOIN_DATE, FOLLOWER_COUNT, FOLLOWING_COUNT, INTRODUCE, PRO_APPROVE, AUTHORITY)
VALUES('admin', 'admin', '운영자 닉네임', '운영자 이름', TO_DATE('2020-11-19', 'YYYY-MM-DD'), 'M', 'admin@nate.com', '01098765432', '관리자 주소', 'www.admin.com', 
DEFAULT, DEFAULT, NULL, SYSDATE, DEFAULT, DEFAULT, '안녕하세요 저는 운영자입니다.', DEFAULT, '99');

INSERT INTO MEMBER(USERID, PASSWORD, NICKNAME, USERNAME, BIRTHDAY, GENDER, EMAIL, PHONE, ADDRESS, URL_ADDRESS,
ENABLED, REPORT_COUNT, PROFILE_PIC, JOIN_DATE, FOLLOWER_COUNT, FOLLOWING_COUNT, INTRODUCE, PRO_APPROVE, AUTHORITY)
VALUES('gudwns', 'gudwns', '형준', '김형준', TO_DATE('2020-10-30', 'YYYY-MM-DD'), 'M', 'gudwns@spring.com', '01012345678', '형준s home', 'www.gudwns.com', 
DEFAULT, DEFAULT, NULL, SYSDATE, DEFAULT, DEFAULT, '안녕하세요 저는 형준입니다.', DEFAULT, '99');

INSERT INTO MEMBER(USERID, PASSWORD, NICKNAME, USERNAME, BIRTHDAY, GENDER, EMAIL, PHONE, ADDRESS, URL_ADDRESS,
ENABLED, REPORT_COUNT, PROFILE_PIC, JOIN_DATE, FOLLOWER_COUNT, FOLLOWING_COUNT, INTRODUCE, PRO_APPROVE, AUTHORITY)
VALUES('rbehd', 'rbehd', '규동', '정규동', TO_DATE('2020-10-30', 'YYYY-MM-DD'), 'M', 'rbehd@spring.com', '01023456789', '규동s home', 'www.rbehd.com', 
DEFAULT, DEFAULT, NULL, SYSDATE, DEFAULT, DEFAULT, '안녕하세요 저는 규동입니다.', DEFAULT, '99');

INSERT INTO MEMBER(USERID, PASSWORD, NICKNAME, USERNAME, BIRTHDAY, GENDER, EMAIL, PHONE, ADDRESS, URL_ADDRESS,
ENABLED, REPORT_COUNT, PROFILE_PIC, JOIN_DATE, FOLLOWER_COUNT, FOLLOWING_COUNT, INTRODUCE, PRO_APPROVE, AUTHORITY)
VALUES('gkdbs', 'gkdbs', '하윤', '최하윤', TO_DATE('2020-10-30', 'YYYY-MM-DD'), 'W', 'gkdbs@spring.com', '01034567891', '하윤s home', 'www.gkdbs.com', 
DEFAULT, DEFAULT, NULL, SYSDATE, DEFAULT, DEFAULT, '안녕하세요 저는 하윤입니다.', DEFAULT, '99');

INSERT INTO MEMBER(USERID, PASSWORD, NICKNAME, USERNAME, BIRTHDAY, GENDER, EMAIL, PHONE, ADDRESS, URL_ADDRESS,
ENABLED, REPORT_COUNT, PROFILE_PIC, JOIN_DATE, FOLLOWER_COUNT, FOLLOWING_COUNT, INTRODUCE, PRO_APPROVE, AUTHORITY)
VALUES('tjdud', 'tjdud', '서영', '이서영', TO_DATE('2020-10-30', 'YYYY-MM-DD'), 'W', 'tjdud@spring.com', '01045678912', '서영s home', 'www.tjdud.com', 
DEFAULT, DEFAULT, NULL, SYSDATE, DEFAULT, DEFAULT, '안녕하세요 저는 서영입니다.', DEFAULT, '99');

INSERT INTO MEMBER(USERID, PASSWORD, NICKNAME, USERNAME, BIRTHDAY, GENDER, EMAIL, PHONE, ADDRESS, URL_ADDRESS,
ENABLED, REPORT_COUNT, PROFILE_PIC, JOIN_DATE, FOLLOWER_COUNT, FOLLOWING_COUNT, INTRODUCE, PRO_APPROVE, AUTHORITY)
VALUES('dusdn', 'dusdn', '연우', '김연우', TO_DATE('2020-10-30', 'YYYY-MM-DD'), 'W', 'dusdn@spring.com', '01056789123', '연우s home', 'www.dusdn.com', 
DEFAULT, DEFAULT, NULL, SYSDATE, DEFAULT, DEFAULT, '안녕하세요 저는 연우입니다.', DEFAULT, '99');

--------------------- UPDATE MEMBER PASSWORD 암호화 ----------------------
UPDATE MEMBER SET PASSWORD = '$2a$10$2oAxfiIEbLhqrErumQUZhuK1xm4YRD3CP2hlJcjXgq2aH8t7NK8ma' 
WHERE USERID='user01'; 

UPDATE MEMBER SET PASSWORD = '$2a$10$SO5Z4Z/O9FDL8cRpTEvdr.VrCItqHrFeeBznjdz9QtqjU79F7rPZC' 
WHERE USERID='user02'; 

UPDATE MEMBER SET PASSWORD = '$2a$10$VzGoBSQxt.C5moFqGE.IgOvUeQN3vAAvgf88Q0HZObDCKyAsK1DdC' 
WHERE USERID='user03'; 

UPDATE MEMBER SET PASSWORD = '$2a$10$xSkyeK0Y.th7HTbGSb.L.OTGZwKjhLU2Gvob1kXpEQ3LUrHYjE4jC' 
WHERE USERID='user04'; 

UPDATE MEMBER SET PASSWORD = '$2a$10$UuVAp5aY/pJRhJv0noOdPOpIBb44JJvmyv4WXUU7zn8WPruR22Yy2' 
WHERE USERID='admin'; 

UPDATE MEMBER SET PASSWORD = '$2a$10$FFTtW7E1xYoZ/0AtVl16o.de5pXwG6hXZgfS.1wtLSyTWfg09pbma' 
WHERE USERID='gudwns'; 

UPDATE MEMBER SET PASSWORD = '$2a$10$4SMgKHxvqlqo192hJC/HK.IissP3dTJtmZETTB8GU15VyGzEw4wB.' 
WHERE USERID='rbehd'; 

UPDATE MEMBER SET PASSWORD = '$2a$10$lmSUkTr1ZAiDoUEG1lDBOOwaBA1G0O0wZwxHriCmYeLS/PLJK7IEi' 
WHERE USERID='gkdbs'; 

UPDATE MEMBER SET PASSWORD = '$2a$10$NS1xBQTg4VT3s.liGukilupyOQqWAsdN1OZJRT0I2bP9He0qzpHbG' 
WHERE USERID='tjdud'; 

UPDATE MEMBER SET PASSWORD = '$2a$10$DY6ZIZ3ZJwka.H0rOYkK4Oq7j/um7n1hTXQQ0HH1VXSP6coElx676' 
WHERE USERID='dusdn';

--------------------- INSERT LIKE_INTERESTS_MANAGEMENT ----------------------
INSERT INTO LIKE_INTERESTS_MANAGEMENT(LIKE_INTEREST, LIKE_INTEREST_USER) VALUES(1, 'user01');
INSERT INTO LIKE_INTERESTS_MANAGEMENT(LIKE_INTEREST, LIKE_INTEREST_USER) VALUES(2, 'user01');
INSERT INTO LIKE_INTERESTS_MANAGEMENT(LIKE_INTEREST, LIKE_INTEREST_USER) VALUES(3, 'user01');
INSERT INTO LIKE_INTERESTS_MANAGEMENT(LIKE_INTEREST, LIKE_INTEREST_USER) VALUES(4, 'user01');
INSERT INTO LIKE_INTERESTS_MANAGEMENT(LIKE_INTEREST, LIKE_INTEREST_USER) VALUES(1, 'user02');
INSERT INTO LIKE_INTERESTS_MANAGEMENT(LIKE_INTEREST, LIKE_INTEREST_USER) VALUES(2, 'user02');
INSERT INTO LIKE_INTERESTS_MANAGEMENT(LIKE_INTEREST, LIKE_INTEREST_USER) VALUES(3, 'user02');
INSERT INTO LIKE_INTERESTS_MANAGEMENT(LIKE_INTEREST, LIKE_INTEREST_USER) VALUES(4, 'user02');
INSERT INTO LIKE_INTERESTS_MANAGEMENT(LIKE_INTEREST, LIKE_INTEREST_USER) VALUES(5, 'user03');
INSERT INTO LIKE_INTERESTS_MANAGEMENT(LIKE_INTEREST, LIKE_INTEREST_USER) VALUES(6, 'user03');
INSERT INTO LIKE_INTERESTS_MANAGEMENT(LIKE_INTEREST, LIKE_INTEREST_USER) VALUES(7, 'user03');
INSERT INTO LIKE_INTERESTS_MANAGEMENT(LIKE_INTEREST, LIKE_INTEREST_USER) VALUES(8, 'user03');
INSERT INTO LIKE_INTERESTS_MANAGEMENT(LIKE_INTEREST, LIKE_INTEREST_USER) VALUES(5, 'user04');
INSERT INTO LIKE_INTERESTS_MANAGEMENT(LIKE_INTEREST, LIKE_INTEREST_USER) VALUES(6, 'user04');
INSERT INTO LIKE_INTERESTS_MANAGEMENT(LIKE_INTEREST, LIKE_INTEREST_USER) VALUES(7, 'user04');
INSERT INTO LIKE_INTERESTS_MANAGEMENT(LIKE_INTEREST, LIKE_INTEREST_USER) VALUES(8, 'user04');
INSERT INTO LIKE_INTERESTS_MANAGEMENT(LIKE_INTEREST, LIKE_INTEREST_USER) VALUES(1, 'user05');
INSERT INTO LIKE_INTERESTS_MANAGEMENT(LIKE_INTEREST, LIKE_INTEREST_USER) VALUES(2, 'user05');
INSERT INTO LIKE_INTERESTS_MANAGEMENT(LIKE_INTEREST, LIKE_INTEREST_USER) VALUES(3, 'user05');
INSERT INTO LIKE_INTERESTS_MANAGEMENT(LIKE_INTEREST, LIKE_INTEREST_USER) VALUES(4, 'user05');
INSERT INTO LIKE_INTERESTS_MANAGEMENT(LIKE_INTEREST, LIKE_INTEREST_USER) VALUES(5, 'user06');
INSERT INTO LIKE_INTERESTS_MANAGEMENT(LIKE_INTEREST, LIKE_INTEREST_USER) VALUES(6, 'user06');
INSERT INTO LIKE_INTERESTS_MANAGEMENT(LIKE_INTEREST, LIKE_INTEREST_USER) VALUES(7, 'user06');
INSERT INTO LIKE_INTERESTS_MANAGEMENT(LIKE_INTEREST, LIKE_INTEREST_USER) VALUES(8, 'user06');
INSERT INTO LIKE_INTERESTS_MANAGEMENT(LIKE_INTEREST, LIKE_INTEREST_USER) VALUES(9, 'user07');
INSERT INTO LIKE_INTERESTS_MANAGEMENT(LIKE_INTEREST, LIKE_INTEREST_USER) VALUES(10, 'user07');
INSERT INTO LIKE_INTERESTS_MANAGEMENT(LIKE_INTEREST, LIKE_INTEREST_USER) VALUES(11, 'user07');
INSERT INTO LIKE_INTERESTS_MANAGEMENT(LIKE_INTEREST, LIKE_INTEREST_USER) VALUES(12, 'user07');
INSERT INTO LIKE_INTERESTS_MANAGEMENT(LIKE_INTEREST, LIKE_INTEREST_USER) VALUES(13, 'user08');
INSERT INTO LIKE_INTERESTS_MANAGEMENT(LIKE_INTEREST, LIKE_INTEREST_USER) VALUES(14, 'user08');
INSERT INTO LIKE_INTERESTS_MANAGEMENT(LIKE_INTEREST, LIKE_INTEREST_USER) VALUES(15, 'user08');
INSERT INTO LIKE_INTERESTS_MANAGEMENT(LIKE_INTEREST, LIKE_INTEREST_USER) VALUES(16, 'user08');
INSERT INTO LIKE_INTERESTS_MANAGEMENT(LIKE_INTEREST, LIKE_INTEREST_USER) VALUES(1, 'user09');
INSERT INTO LIKE_INTERESTS_MANAGEMENT(LIKE_INTEREST, LIKE_INTEREST_USER) VALUES(2, 'user09');
INSERT INTO LIKE_INTERESTS_MANAGEMENT(LIKE_INTEREST, LIKE_INTEREST_USER) VALUES(3, 'user09');
INSERT INTO LIKE_INTERESTS_MANAGEMENT(LIKE_INTEREST, LIKE_INTEREST_USER) VALUES(4, 'user09');
INSERT INTO LIKE_INTERESTS_MANAGEMENT(LIKE_INTEREST, LIKE_INTEREST_USER) VALUES(5, 'user10');
INSERT INTO LIKE_INTERESTS_MANAGEMENT(LIKE_INTEREST, LIKE_INTEREST_USER) VALUES(6, 'user10');
INSERT INTO LIKE_INTERESTS_MANAGEMENT(LIKE_INTEREST, LIKE_INTEREST_USER) VALUES(7, 'user10');
INSERT INTO LIKE_INTERESTS_MANAGEMENT(LIKE_INTEREST, LIKE_INTEREST_USER) VALUES(8, 'user10');
INSERT INTO LIKE_INTERESTS_MANAGEMENT(LIKE_INTEREST, LIKE_INTEREST_USER) VALUES(9, 'user11');
INSERT INTO LIKE_INTERESTS_MANAGEMENT(LIKE_INTEREST, LIKE_INTEREST_USER) VALUES(10, 'user11');
INSERT INTO LIKE_INTERESTS_MANAGEMENT(LIKE_INTEREST, LIKE_INTEREST_USER) VALUES(11, 'user11');
INSERT INTO LIKE_INTERESTS_MANAGEMENT(LIKE_INTEREST, LIKE_INTEREST_USER) VALUES(12, 'user11');
INSERT INTO LIKE_INTERESTS_MANAGEMENT(LIKE_INTEREST, LIKE_INTEREST_USER) VALUES(13, 'user12');
INSERT INTO LIKE_INTERESTS_MANAGEMENT(LIKE_INTEREST, LIKE_INTEREST_USER) VALUES(14, 'user12');
INSERT INTO LIKE_INTERESTS_MANAGEMENT(LIKE_INTEREST, LIKE_INTEREST_USER) VALUES(15, 'user12');
INSERT INTO LIKE_INTERESTS_MANAGEMENT(LIKE_INTEREST, LIKE_INTEREST_USER) VALUES(16, 'user12');
INSERT INTO LIKE_INTERESTS_MANAGEMENT(LIKE_INTEREST, LIKE_INTEREST_USER) VALUES(1, 'user13');
INSERT INTO LIKE_INTERESTS_MANAGEMENT(LIKE_INTEREST, LIKE_INTEREST_USER) VALUES(2, 'user13');
INSERT INTO LIKE_INTERESTS_MANAGEMENT(LIKE_INTEREST, LIKE_INTEREST_USER) VALUES(3, 'user13');
INSERT INTO LIKE_INTERESTS_MANAGEMENT(LIKE_INTEREST, LIKE_INTEREST_USER) VALUES(4, 'user13');
INSERT INTO LIKE_INTERESTS_MANAGEMENT(LIKE_INTEREST, LIKE_INTEREST_USER) VALUES(5, 'user14');
INSERT INTO LIKE_INTERESTS_MANAGEMENT(LIKE_INTEREST, LIKE_INTEREST_USER) VALUES(6, 'user14');
INSERT INTO LIKE_INTERESTS_MANAGEMENT(LIKE_INTEREST, LIKE_INTEREST_USER) VALUES(7, 'user14');
INSERT INTO LIKE_INTERESTS_MANAGEMENT(LIKE_INTEREST, LIKE_INTEREST_USER) VALUES(8, 'user14');
INSERT INTO LIKE_INTERESTS_MANAGEMENT(LIKE_INTEREST, LIKE_INTEREST_USER) VALUES(9, 'user15');
INSERT INTO LIKE_INTERESTS_MANAGEMENT(LIKE_INTEREST, LIKE_INTEREST_USER) VALUES(10, 'user15');
INSERT INTO LIKE_INTERESTS_MANAGEMENT(LIKE_INTEREST, LIKE_INTEREST_USER) VALUES(11, 'user15');
INSERT INTO LIKE_INTERESTS_MANAGEMENT(LIKE_INTEREST, LIKE_INTEREST_USER) VALUES(12, 'user15');
INSERT INTO LIKE_INTERESTS_MANAGEMENT(LIKE_INTEREST, LIKE_INTEREST_USER) VALUES(13, 'user16');
INSERT INTO LIKE_INTERESTS_MANAGEMENT(LIKE_INTEREST, LIKE_INTEREST_USER) VALUES(14, 'user16');
INSERT INTO LIKE_INTERESTS_MANAGEMENT(LIKE_INTEREST, LIKE_INTEREST_USER) VALUES(15, 'user16');
INSERT INTO LIKE_INTERESTS_MANAGEMENT(LIKE_INTEREST, LIKE_INTEREST_USER) VALUES(16, 'user16');
INSERT INTO LIKE_INTERESTS_MANAGEMENT(LIKE_INTEREST, LIKE_INTEREST_USER) VALUES(1, 'user17');
INSERT INTO LIKE_INTERESTS_MANAGEMENT(LIKE_INTEREST, LIKE_INTEREST_USER) VALUES(2, 'user17');
INSERT INTO LIKE_INTERESTS_MANAGEMENT(LIKE_INTEREST, LIKE_INTEREST_USER) VALUES(3, 'user17');
INSERT INTO LIKE_INTERESTS_MANAGEMENT(LIKE_INTEREST, LIKE_INTEREST_USER) VALUES(4, 'user17');
INSERT INTO LIKE_INTERESTS_MANAGEMENT(LIKE_INTEREST, LIKE_INTEREST_USER) VALUES(5, 'user18');
INSERT INTO LIKE_INTERESTS_MANAGEMENT(LIKE_INTEREST, LIKE_INTEREST_USER) VALUES(6, 'user18');
INSERT INTO LIKE_INTERESTS_MANAGEMENT(LIKE_INTEREST, LIKE_INTEREST_USER) VALUES(7, 'user18');
INSERT INTO LIKE_INTERESTS_MANAGEMENT(LIKE_INTEREST, LIKE_INTEREST_USER) VALUES(8, 'user18');
INSERT INTO LIKE_INTERESTS_MANAGEMENT(LIKE_INTEREST, LIKE_INTEREST_USER) VALUES(9, 'user19');
INSERT INTO LIKE_INTERESTS_MANAGEMENT(LIKE_INTEREST, LIKE_INTEREST_USER) VALUES(10, 'user19');
INSERT INTO LIKE_INTERESTS_MANAGEMENT(LIKE_INTEREST, LIKE_INTEREST_USER) VALUES(11, 'user19');
INSERT INTO LIKE_INTERESTS_MANAGEMENT(LIKE_INTEREST, LIKE_INTEREST_USER) VALUES(12, 'user19');
INSERT INTO LIKE_INTERESTS_MANAGEMENT(LIKE_INTEREST, LIKE_INTEREST_USER) VALUES(13, 'user20');
INSERT INTO LIKE_INTERESTS_MANAGEMENT(LIKE_INTEREST, LIKE_INTEREST_USER) VALUES(14, 'user20');
INSERT INTO LIKE_INTERESTS_MANAGEMENT(LIKE_INTEREST, LIKE_INTEREST_USER) VALUES(15, 'user20');
INSERT INTO LIKE_INTERESTS_MANAGEMENT(LIKE_INTEREST, LIKE_INTEREST_USER) VALUES(16, 'user20');
INSERT INTO LIKE_INTERESTS_MANAGEMENT(LIKE_INTEREST, LIKE_INTEREST_USER) VALUES(9, 'gudwns');
INSERT INTO LIKE_INTERESTS_MANAGEMENT(LIKE_INTEREST, LIKE_INTEREST_USER) VALUES(10, 'gudwns');
INSERT INTO LIKE_INTERESTS_MANAGEMENT(LIKE_INTEREST, LIKE_INTEREST_USER) VALUES(11, 'gudwns');
INSERT INTO LIKE_INTERESTS_MANAGEMENT(LIKE_INTEREST, LIKE_INTEREST_USER) VALUES(12, 'gudwns');
INSERT INTO LIKE_INTERESTS_MANAGEMENT(LIKE_INTEREST, LIKE_INTEREST_USER) VALUES(9, 'rbehd');
INSERT INTO LIKE_INTERESTS_MANAGEMENT(LIKE_INTEREST, LIKE_INTEREST_USER) VALUES(10, 'rbehd');
INSERT INTO LIKE_INTERESTS_MANAGEMENT(LIKE_INTEREST, LIKE_INTEREST_USER) VALUES(11, 'rbehd');
INSERT INTO LIKE_INTERESTS_MANAGEMENT(LIKE_INTEREST, LIKE_INTEREST_USER) VALUES(12, 'rbehd');
INSERT INTO LIKE_INTERESTS_MANAGEMENT(LIKE_INTEREST, LIKE_INTEREST_USER) VALUES(13, 'gkdbs');
INSERT INTO LIKE_INTERESTS_MANAGEMENT(LIKE_INTEREST, LIKE_INTEREST_USER) VALUES(14, 'gkdbs');
INSERT INTO LIKE_INTERESTS_MANAGEMENT(LIKE_INTEREST, LIKE_INTEREST_USER) VALUES(15, 'gkdbs');
INSERT INTO LIKE_INTERESTS_MANAGEMENT(LIKE_INTEREST, LIKE_INTEREST_USER) VALUES(16, 'gkdbs');
INSERT INTO LIKE_INTERESTS_MANAGEMENT(LIKE_INTEREST, LIKE_INTEREST_USER) VALUES(13, 'tjdud');
INSERT INTO LIKE_INTERESTS_MANAGEMENT(LIKE_INTEREST, LIKE_INTEREST_USER) VALUES(14, 'tjdud');
INSERT INTO LIKE_INTERESTS_MANAGEMENT(LIKE_INTEREST, LIKE_INTEREST_USER) VALUES(15, 'tjdud');
INSERT INTO LIKE_INTERESTS_MANAGEMENT(LIKE_INTEREST, LIKE_INTEREST_USER) VALUES(16, 'tjdud');
INSERT INTO LIKE_INTERESTS_MANAGEMENT(LIKE_INTEREST, LIKE_INTEREST_USER) VALUES(15, 'dusdn');
INSERT INTO LIKE_INTERESTS_MANAGEMENT(LIKE_INTEREST, LIKE_INTEREST_USER) VALUES(16, 'dusdn');
INSERT INTO LIKE_INTERESTS_MANAGEMENT(LIKE_INTEREST, LIKE_INTEREST_USER) VALUES(17, 'dusdn');
INSERT INTO LIKE_INTERESTS_MANAGEMENT(LIKE_INTEREST, LIKE_INTEREST_USER) VALUES(18, 'dusdn');
INSERT INTO LIKE_INTERESTS_MANAGEMENT(LIKE_INTEREST, LIKE_INTEREST_USER) VALUES(15, 'admin');
INSERT INTO LIKE_INTERESTS_MANAGEMENT(LIKE_INTEREST, LIKE_INTEREST_USER) VALUES(16, 'admin');
INSERT INTO LIKE_INTERESTS_MANAGEMENT(LIKE_INTEREST, LIKE_INTEREST_USER) VALUES(17, 'admin');
INSERT INTO LIKE_INTERESTS_MANAGEMENT(LIKE_INTEREST, LIKE_INTEREST_USER) VALUES(18, 'admin');

-----------------------------------------------------------------------
---------------------------- Insert Follow -----------------------------
-----------------------------------------------------------------------

INSERT INTO FOLLOW(FOLLOW_CODE, FOLLOW_FROM, FOLLOW_TO, FOLLOW_DATE, FOLLOW_CHECK)
VALUES(FOL_SEQ.NEXTVAL, 'user01', 'user02', SYSTIMESTAMP, '1');
INSERT INTO FOLLOW(FOLLOW_CODE, FOLLOW_FROM, FOLLOW_TO, FOLLOW_DATE, FOLLOW_CHECK)
VALUES(FOL_SEQ.NEXTVAL, 'user02', 'user01', SYSTIMESTAMP, '1');

INSERT INTO FOLLOW(FOLLOW_CODE, FOLLOW_FROM, FOLLOW_TO, FOLLOW_DATE, FOLLOW_CHECK)
VALUES(FOL_SEQ.NEXTVAL, 'user01', 'user03', SYSTIMESTAMP, '1');
INSERT INTO FOLLOW(FOLLOW_CODE, FOLLOW_FROM, FOLLOW_TO, FOLLOW_DATE, FOLLOW_CHECK)
VALUES(FOL_SEQ.NEXTVAL, 'user03', 'user01', SYSTIMESTAMP, '1');

INSERT INTO FOLLOW(FOLLOW_CODE, FOLLOW_FROM, FOLLOW_TO, FOLLOW_DATE, FOLLOW_CHECK)
VALUES(FOL_SEQ.NEXTVAL, 'user01', 'user04', SYSTIMESTAMP, '1');
INSERT INTO FOLLOW(FOLLOW_CODE, FOLLOW_FROM, FOLLOW_TO, FOLLOW_DATE, FOLLOW_CHECK)
VALUES(FOL_SEQ.NEXTVAL, 'user04', 'user01', SYSTIMESTAMP, '1');

INSERT INTO FOLLOW(FOLLOW_CODE, FOLLOW_FROM, FOLLOW_TO, FOLLOW_DATE, FOLLOW_CHECK)
VALUES(FOL_SEQ.NEXTVAL, 'user01', 'user05', SYSTIMESTAMP, '1');
INSERT INTO FOLLOW(FOLLOW_CODE, FOLLOW_FROM, FOLLOW_TO, FOLLOW_DATE, FOLLOW_CHECK)
VALUES(FOL_SEQ.NEXTVAL, 'user05', 'user01', SYSTIMESTAMP, '1');

INSERT INTO FOLLOW(FOLLOW_CODE, FOLLOW_FROM, FOLLOW_TO, FOLLOW_DATE, FOLLOW_CHECK)
VALUES(FOL_SEQ.NEXTVAL, 'user01', 'user06', SYSTIMESTAMP, '1');
INSERT INTO FOLLOW(FOLLOW_CODE, FOLLOW_FROM, FOLLOW_TO, FOLLOW_DATE, FOLLOW_CHECK)
VALUES(FOL_SEQ.NEXTVAL, 'user06', 'user01', SYSTIMESTAMP, '1');

INSERT INTO FOLLOW(FOLLOW_CODE, FOLLOW_FROM, FOLLOW_TO, FOLLOW_DATE, FOLLOW_CHECK)
VALUES(FOL_SEQ.NEXTVAL, 'user01', 'user07', SYSTIMESTAMP, '1');
INSERT INTO FOLLOW(FOLLOW_CODE, FOLLOW_FROM, FOLLOW_TO, FOLLOW_DATE, FOLLOW_CHECK)
VALUES(FOL_SEQ.NEXTVAL, 'user07', 'user01', SYSTIMESTAMP, '1');

INSERT INTO FOLLOW(FOLLOW_CODE, FOLLOW_FROM, FOLLOW_TO, FOLLOW_DATE, FOLLOW_CHECK)
VALUES(FOL_SEQ.NEXTVAL, 'user01', 'user08', SYSTIMESTAMP, '1');
INSERT INTO FOLLOW(FOLLOW_CODE, FOLLOW_FROM, FOLLOW_TO, FOLLOW_DATE, FOLLOW_CHECK)
VALUES(FOL_SEQ.NEXTVAL, 'user08', 'user01', SYSTIMESTAMP, '1');

INSERT INTO FOLLOW(FOLLOW_CODE, FOLLOW_FROM, FOLLOW_TO, FOLLOW_DATE, FOLLOW_CHECK)
VALUES(FOL_SEQ.NEXTVAL, 'user01', 'user09', SYSTIMESTAMP, '1');
INSERT INTO FOLLOW(FOLLOW_CODE, FOLLOW_FROM, FOLLOW_TO, FOLLOW_DATE, FOLLOW_CHECK)
VALUES(FOL_SEQ.NEXTVAL, 'user09', 'user01', SYSTIMESTAMP, '1');

INSERT INTO FOLLOW(FOLLOW_CODE, FOLLOW_FROM, FOLLOW_TO, FOLLOW_DATE, FOLLOW_CHECK)
VALUES(FOL_SEQ.NEXTVAL, 'user01', 'user10', SYSTIMESTAMP, '1');
INSERT INTO FOLLOW(FOLLOW_CODE, FOLLOW_FROM, FOLLOW_TO, FOLLOW_DATE, FOLLOW_CHECK)
VALUES(FOL_SEQ.NEXTVAL, 'user10', 'user01', SYSTIMESTAMP, '1');

INSERT INTO FOLLOW(FOLLOW_CODE, FOLLOW_FROM, FOLLOW_TO, FOLLOW_DATE, FOLLOW_CHECK)
VALUES(FOL_SEQ.NEXTVAL, 'user01', 'user11', SYSTIMESTAMP, '1');
INSERT INTO FOLLOW(FOLLOW_CODE, FOLLOW_FROM, FOLLOW_TO, FOLLOW_DATE, FOLLOW_CHECK)
VALUES(FOL_SEQ.NEXTVAL, 'user11', 'user01', SYSTIMESTAMP, '1');

INSERT INTO FOLLOW(FOLLOW_CODE, FOLLOW_FROM, FOLLOW_TO, FOLLOW_DATE, FOLLOW_CHECK)
VALUES(FOL_SEQ.NEXTVAL, 'user01', 'user12', SYSTIMESTAMP, '1');
INSERT INTO FOLLOW(FOLLOW_CODE, FOLLOW_FROM, FOLLOW_TO, FOLLOW_DATE, FOLLOW_CHECK)
VALUES(FOL_SEQ.NEXTVAL, 'user12', 'user01', SYSTIMESTAMP, '1');

INSERT INTO FOLLOW(FOLLOW_CODE, FOLLOW_FROM, FOLLOW_TO, FOLLOW_DATE, FOLLOW_CHECK)
VALUES(FOL_SEQ.NEXTVAL, 'user01', 'user13', SYSTIMESTAMP, '1');
INSERT INTO FOLLOW(FOLLOW_CODE, FOLLOW_FROM, FOLLOW_TO, FOLLOW_DATE, FOLLOW_CHECK)
VALUES(FOL_SEQ.NEXTVAL, 'user13', 'user01', SYSTIMESTAMP, '1');

INSERT INTO FOLLOW(FOLLOW_CODE, FOLLOW_FROM, FOLLOW_TO, FOLLOW_DATE, FOLLOW_CHECK)
VALUES(FOL_SEQ.NEXTVAL, 'user01', 'user14', SYSTIMESTAMP, '1');
INSERT INTO FOLLOW(FOLLOW_CODE, FOLLOW_FROM, FOLLOW_TO, FOLLOW_DATE, FOLLOW_CHECK)
VALUES(FOL_SEQ.NEXTVAL, 'user14', 'user01', SYSTIMESTAMP, '1');

INSERT INTO FOLLOW(FOLLOW_CODE, FOLLOW_FROM, FOLLOW_TO, FOLLOW_DATE, FOLLOW_CHECK)
VALUES(FOL_SEQ.NEXTVAL, 'user01', 'user15', SYSTIMESTAMP, '1');
INSERT INTO FOLLOW(FOLLOW_CODE, FOLLOW_FROM, FOLLOW_TO, FOLLOW_DATE, FOLLOW_CHECK)
VALUES(FOL_SEQ.NEXTVAL, 'user15', 'user01', SYSTIMESTAMP, '1');

INSERT INTO FOLLOW(FOLLOW_CODE, FOLLOW_FROM, FOLLOW_TO, FOLLOW_DATE, FOLLOW_CHECK)
VALUES(FOL_SEQ.NEXTVAL, 'user01', 'user16', SYSTIMESTAMP, '1');
INSERT INTO FOLLOW(FOLLOW_CODE, FOLLOW_FROM, FOLLOW_TO, FOLLOW_DATE, FOLLOW_CHECK)
VALUES(FOL_SEQ.NEXTVAL, 'user16', 'user01', SYSTIMESTAMP, '1');

INSERT INTO FOLLOW(FOLLOW_CODE, FOLLOW_FROM, FOLLOW_TO, FOLLOW_DATE, FOLLOW_CHECK)
VALUES(FOL_SEQ.NEXTVAL, 'user01', 'user17', SYSTIMESTAMP, '1');
INSERT INTO FOLLOW(FOLLOW_CODE, FOLLOW_FROM, FOLLOW_TO, FOLLOW_DATE, FOLLOW_CHECK)
VALUES(FOL_SEQ.NEXTVAL, 'user17', 'user01', SYSTIMESTAMP, '1');

INSERT INTO FOLLOW(FOLLOW_CODE, FOLLOW_FROM, FOLLOW_TO, FOLLOW_DATE, FOLLOW_CHECK)
VALUES(FOL_SEQ.NEXTVAL, 'user01', 'user18', SYSTIMESTAMP, '1');
INSERT INTO FOLLOW(FOLLOW_CODE, FOLLOW_FROM, FOLLOW_TO, FOLLOW_DATE, FOLLOW_CHECK)
VALUES(FOL_SEQ.NEXTVAL, 'user18', 'user01', SYSTIMESTAMP, '1');

INSERT INTO FOLLOW(FOLLOW_CODE, FOLLOW_FROM, FOLLOW_TO, FOLLOW_DATE, FOLLOW_CHECK)
VALUES(FOL_SEQ.NEXTVAL, 'user01', 'user19', SYSTIMESTAMP, '1');
INSERT INTO FOLLOW(FOLLOW_CODE, FOLLOW_FROM, FOLLOW_TO, FOLLOW_DATE, FOLLOW_CHECK)
VALUES(FOL_SEQ.NEXTVAL, 'user19', 'user01', SYSTIMESTAMP, '1');

INSERT INTO FOLLOW(FOLLOW_CODE, FOLLOW_FROM, FOLLOW_TO, FOLLOW_DATE, FOLLOW_CHECK)
VALUES(FOL_SEQ.NEXTVAL, 'user01', 'user20', SYSTIMESTAMP, '1');
INSERT INTO FOLLOW(FOLLOW_CODE, FOLLOW_FROM, FOLLOW_TO, FOLLOW_DATE, FOLLOW_CHECK)
VALUES(FOL_SEQ.NEXTVAL, 'user20', 'user01', SYSTIMESTAMP, '1');

INSERT INTO FOLLOW(FOLLOW_CODE, FOLLOW_FROM, FOLLOW_TO, FOLLOW_DATE, FOLLOW_CHECK)
VALUES(FOL_SEQ.NEXTVAL, 'user01', 'gudwns', SYSTIMESTAMP, '1');
INSERT INTO FOLLOW(FOLLOW_CODE, FOLLOW_FROM, FOLLOW_TO, FOLLOW_DATE, FOLLOW_CHECK)
VALUES(FOL_SEQ.NEXTVAL, 'gudwns', 'user01', SYSTIMESTAMP, '1');

INSERT INTO FOLLOW(FOLLOW_CODE, FOLLOW_FROM, FOLLOW_TO, FOLLOW_DATE, FOLLOW_CHECK)
VALUES(FOL_SEQ.NEXTVAL, 'user01', 'rbehd', SYSTIMESTAMP, '1');
INSERT INTO FOLLOW(FOLLOW_CODE, FOLLOW_FROM, FOLLOW_TO, FOLLOW_DATE, FOLLOW_CHECK)
VALUES(FOL_SEQ.NEXTVAL, 'rbehd', 'user01', SYSTIMESTAMP, '1');

INSERT INTO FOLLOW(FOLLOW_CODE, FOLLOW_FROM, FOLLOW_TO, FOLLOW_DATE, FOLLOW_CHECK)
VALUES(FOL_SEQ.NEXTVAL, 'user01', 'gkdbs', SYSTIMESTAMP, '1');
INSERT INTO FOLLOW(FOLLOW_CODE, FOLLOW_FROM, FOLLOW_TO, FOLLOW_DATE, FOLLOW_CHECK)
VALUES(FOL_SEQ.NEXTVAL, 'gkdbs', 'user01', SYSTIMESTAMP, '1');

INSERT INTO FOLLOW(FOLLOW_CODE, FOLLOW_FROM, FOLLOW_TO, FOLLOW_DATE, FOLLOW_CHECK)
VALUES(FOL_SEQ.NEXTVAL, 'user01', 'tjdud', SYSTIMESTAMP, '1');
INSERT INTO FOLLOW(FOLLOW_CODE, FOLLOW_FROM, FOLLOW_TO, FOLLOW_DATE, FOLLOW_CHECK)
VALUES(FOL_SEQ.NEXTVAL, 'tjdud', 'user01', SYSTIMESTAMP, '1');

INSERT INTO FOLLOW(FOLLOW_CODE, FOLLOW_FROM, FOLLOW_TO, FOLLOW_DATE, FOLLOW_CHECK)
VALUES(FOL_SEQ.NEXTVAL, 'user01', 'dusdn', SYSTIMESTAMP, '1');
INSERT INTO FOLLOW(FOLLOW_CODE, FOLLOW_FROM, FOLLOW_TO, FOLLOW_DATE, FOLLOW_CHECK)
VALUES(FOL_SEQ.NEXTVAL, 'dusdn', 'user01', SYSTIMESTAMP, '1');

---------------------------------------------------------------------------------

INSERT INTO FOLLOW(FOLLOW_CODE, FOLLOW_FROM, FOLLOW_TO, FOLLOW_DATE, FOLLOW_CHECK)
VALUES(FOL_SEQ.NEXTVAL, 'user02', 'user03', SYSTIMESTAMP, '1');
INSERT INTO FOLLOW(FOLLOW_CODE, FOLLOW_FROM, FOLLOW_TO, FOLLOW_DATE, FOLLOW_CHECK)
VALUES(FOL_SEQ.NEXTVAL, 'user03', 'user02', SYSTIMESTAMP, '1');

INSERT INTO FOLLOW(FOLLOW_CODE, FOLLOW_FROM, FOLLOW_TO, FOLLOW_DATE, FOLLOW_CHECK)
VALUES(FOL_SEQ.NEXTVAL, 'user02', 'user04', SYSTIMESTAMP, '1');
INSERT INTO FOLLOW(FOLLOW_CODE, FOLLOW_FROM, FOLLOW_TO, FOLLOW_DATE, FOLLOW_CHECK)
VALUES(FOL_SEQ.NEXTVAL, 'user04', 'user02', SYSTIMESTAMP, '1');

INSERT INTO FOLLOW(FOLLOW_CODE, FOLLOW_FROM, FOLLOW_TO, FOLLOW_DATE, FOLLOW_CHECK)
VALUES(FOL_SEQ.NEXTVAL, 'user02', 'user05', SYSTIMESTAMP, '1');
INSERT INTO FOLLOW(FOLLOW_CODE, FOLLOW_FROM, FOLLOW_TO, FOLLOW_DATE, FOLLOW_CHECK)
VALUES(FOL_SEQ.NEXTVAL, 'user02', 'user05', SYSTIMESTAMP, '1');

INSERT INTO FOLLOW(FOLLOW_CODE, FOLLOW_FROM, FOLLOW_TO, FOLLOW_DATE, FOLLOW_CHECK)
VALUES(FOL_SEQ.NEXTVAL, 'user02', 'user06', SYSTIMESTAMP, '1');
INSERT INTO FOLLOW(FOLLOW_CODE, FOLLOW_FROM, FOLLOW_TO, FOLLOW_DATE, FOLLOW_CHECK)
VALUES(FOL_SEQ.NEXTVAL, 'user06', 'user02', SYSTIMESTAMP, '1');

INSERT INTO FOLLOW(FOLLOW_CODE, FOLLOW_FROM, FOLLOW_TO, FOLLOW_DATE, FOLLOW_CHECK)
VALUES(FOL_SEQ.NEXTVAL, 'user02', 'user07', SYSTIMESTAMP, '1');
INSERT INTO FOLLOW(FOLLOW_CODE, FOLLOW_FROM, FOLLOW_TO, FOLLOW_DATE, FOLLOW_CHECK)
VALUES(FOL_SEQ.NEXTVAL, 'user07', 'user02', SYSTIMESTAMP, '1');

INSERT INTO FOLLOW(FOLLOW_CODE, FOLLOW_FROM, FOLLOW_TO, FOLLOW_DATE, FOLLOW_CHECK)
VALUES(FOL_SEQ.NEXTVAL, 'user02', 'user08', SYSTIMESTAMP, '1');
INSERT INTO FOLLOW(FOLLOW_CODE, FOLLOW_FROM, FOLLOW_TO, FOLLOW_DATE, FOLLOW_CHECK)
VALUES(FOL_SEQ.NEXTVAL, 'user08', 'user02', SYSTIMESTAMP, '1');

INSERT INTO FOLLOW(FOLLOW_CODE, FOLLOW_FROM, FOLLOW_TO, FOLLOW_DATE, FOLLOW_CHECK)
VALUES(FOL_SEQ.NEXTVAL, 'user02', 'user09', SYSTIMESTAMP, '1');
INSERT INTO FOLLOW(FOLLOW_CODE, FOLLOW_FROM, FOLLOW_TO, FOLLOW_DATE, FOLLOW_CHECK)
VALUES(FOL_SEQ.NEXTVAL, 'user09', 'user02', SYSTIMESTAMP, '1');

INSERT INTO FOLLOW(FOLLOW_CODE, FOLLOW_FROM, FOLLOW_TO, FOLLOW_DATE, FOLLOW_CHECK)
VALUES(FOL_SEQ.NEXTVAL, 'user02', 'user10', SYSTIMESTAMP, '1');
INSERT INTO FOLLOW(FOLLOW_CODE, FOLLOW_FROM, FOLLOW_TO, FOLLOW_DATE, FOLLOW_CHECK)
VALUES(FOL_SEQ.NEXTVAL, 'user10', 'user02', SYSTIMESTAMP, '1');

INSERT INTO FOLLOW(FOLLOW_CODE, FOLLOW_FROM, FOLLOW_TO, FOLLOW_DATE, FOLLOW_CHECK)
VALUES(FOL_SEQ.NEXTVAL, 'user02', 'user11', SYSTIMESTAMP, '1');
INSERT INTO FOLLOW(FOLLOW_CODE, FOLLOW_FROM, FOLLOW_TO, FOLLOW_DATE, FOLLOW_CHECK)
VALUES(FOL_SEQ.NEXTVAL, 'user11', 'user02', SYSTIMESTAMP, '1');

INSERT INTO FOLLOW(FOLLOW_CODE, FOLLOW_FROM, FOLLOW_TO, FOLLOW_DATE, FOLLOW_CHECK)
VALUES(FOL_SEQ.NEXTVAL, 'user02', 'user12', SYSTIMESTAMP, '1');
INSERT INTO FOLLOW(FOLLOW_CODE, FOLLOW_FROM, FOLLOW_TO, FOLLOW_DATE, FOLLOW_CHECK)
VALUES(FOL_SEQ.NEXTVAL, 'user12', 'user02', SYSTIMESTAMP, '1');

INSERT INTO FOLLOW(FOLLOW_CODE, FOLLOW_FROM, FOLLOW_TO, FOLLOW_DATE, FOLLOW_CHECK)
VALUES(FOL_SEQ.NEXTVAL, 'user02', 'user13', SYSTIMESTAMP, '1');
INSERT INTO FOLLOW(FOLLOW_CODE, FOLLOW_FROM, FOLLOW_TO, FOLLOW_DATE, FOLLOW_CHECK)
VALUES(FOL_SEQ.NEXTVAL, 'user13', 'user02', SYSTIMESTAMP, '1');

INSERT INTO FOLLOW(FOLLOW_CODE, FOLLOW_FROM, FOLLOW_TO, FOLLOW_DATE, FOLLOW_CHECK)
VALUES(FOL_SEQ.NEXTVAL, 'user02', 'user14', SYSTIMESTAMP, '1');
INSERT INTO FOLLOW(FOLLOW_CODE, FOLLOW_FROM, FOLLOW_TO, FOLLOW_DATE, FOLLOW_CHECK)
VALUES(FOL_SEQ.NEXTVAL, 'user14', 'user02', SYSTIMESTAMP, '1');

INSERT INTO FOLLOW(FOLLOW_CODE, FOLLOW_FROM, FOLLOW_TO, FOLLOW_DATE, FOLLOW_CHECK)
VALUES(FOL_SEQ.NEXTVAL, 'user02', 'user15', SYSTIMESTAMP, '1');
INSERT INTO FOLLOW(FOLLOW_CODE, FOLLOW_FROM, FOLLOW_TO, FOLLOW_DATE, FOLLOW_CHECK)
VALUES(FOL_SEQ.NEXTVAL, 'user15', 'user02', SYSTIMESTAMP, '1');

INSERT INTO FOLLOW(FOLLOW_CODE, FOLLOW_FROM, FOLLOW_TO, FOLLOW_DATE, FOLLOW_CHECK)
VALUES(FOL_SEQ.NEXTVAL, 'user02', 'user16', SYSTIMESTAMP, '1');
INSERT INTO FOLLOW(FOLLOW_CODE, FOLLOW_FROM, FOLLOW_TO, FOLLOW_DATE, FOLLOW_CHECK)
VALUES(FOL_SEQ.NEXTVAL, 'user16', 'user02', SYSTIMESTAMP, '1');

INSERT INTO FOLLOW(FOLLOW_CODE, FOLLOW_FROM, FOLLOW_TO, FOLLOW_DATE, FOLLOW_CHECK)
VALUES(FOL_SEQ.NEXTVAL, 'user02', 'user17', SYSTIMESTAMP, '1');
INSERT INTO FOLLOW(FOLLOW_CODE, FOLLOW_FROM, FOLLOW_TO, FOLLOW_DATE, FOLLOW_CHECK)
VALUES(FOL_SEQ.NEXTVAL, 'user17', 'user02', SYSTIMESTAMP, '1');

INSERT INTO FOLLOW(FOLLOW_CODE, FOLLOW_FROM, FOLLOW_TO, FOLLOW_DATE, FOLLOW_CHECK)
VALUES(FOL_SEQ.NEXTVAL, 'user02', 'user18', SYSTIMESTAMP, '1');
INSERT INTO FOLLOW(FOLLOW_CODE, FOLLOW_FROM, FOLLOW_TO, FOLLOW_DATE, FOLLOW_CHECK)
VALUES(FOL_SEQ.NEXTVAL, 'user18', 'user02', SYSTIMESTAMP, '1');

INSERT INTO FOLLOW(FOLLOW_CODE, FOLLOW_FROM, FOLLOW_TO, FOLLOW_DATE, FOLLOW_CHECK)
VALUES(FOL_SEQ.NEXTVAL, 'user02', 'user19', SYSTIMESTAMP, '1');
INSERT INTO FOLLOW(FOLLOW_CODE, FOLLOW_FROM, FOLLOW_TO, FOLLOW_DATE, FOLLOW_CHECK)
VALUES(FOL_SEQ.NEXTVAL, 'user19', 'user02', SYSTIMESTAMP, '1');

INSERT INTO FOLLOW(FOLLOW_CODE, FOLLOW_FROM, FOLLOW_TO, FOLLOW_DATE, FOLLOW_CHECK)
VALUES(FOL_SEQ.NEXTVAL, 'user02', 'user20', SYSTIMESTAMP, '1');
INSERT INTO FOLLOW(FOLLOW_CODE, FOLLOW_FROM, FOLLOW_TO, FOLLOW_DATE, FOLLOW_CHECK)
VALUES(FOL_SEQ.NEXTVAL, 'user20', 'user02', SYSTIMESTAMP, '1');

INSERT INTO FOLLOW(FOLLOW_CODE, FOLLOW_FROM, FOLLOW_TO, FOLLOW_DATE, FOLLOW_CHECK)
VALUES(FOL_SEQ.NEXTVAL, 'user02', 'gudwns', SYSTIMESTAMP, '1');
INSERT INTO FOLLOW(FOLLOW_CODE, FOLLOW_FROM, FOLLOW_TO, FOLLOW_DATE, FOLLOW_CHECK)
VALUES(FOL_SEQ.NEXTVAL, 'gudwns', 'user02', SYSTIMESTAMP, '1');

INSERT INTO FOLLOW(FOLLOW_CODE, FOLLOW_FROM, FOLLOW_TO, FOLLOW_DATE, FOLLOW_CHECK)
VALUES(FOL_SEQ.NEXTVAL, 'user02', 'rbehd', SYSTIMESTAMP, '1');
INSERT INTO FOLLOW(FOLLOW_CODE, FOLLOW_FROM, FOLLOW_TO, FOLLOW_DATE, FOLLOW_CHECK)
VALUES(FOL_SEQ.NEXTVAL, 'rbehd', 'user02', SYSTIMESTAMP, '1');

INSERT INTO FOLLOW(FOLLOW_CODE, FOLLOW_FROM, FOLLOW_TO, FOLLOW_DATE, FOLLOW_CHECK)
VALUES(FOL_SEQ.NEXTVAL, 'user02', 'gkdbs', SYSTIMESTAMP, '1');
INSERT INTO FOLLOW(FOLLOW_CODE, FOLLOW_FROM, FOLLOW_TO, FOLLOW_DATE, FOLLOW_CHECK)
VALUES(FOL_SEQ.NEXTVAL, 'gkdbs', 'user02', SYSTIMESTAMP, '1');

INSERT INTO FOLLOW(FOLLOW_CODE, FOLLOW_FROM, FOLLOW_TO, FOLLOW_DATE, FOLLOW_CHECK)
VALUES(FOL_SEQ.NEXTVAL, 'user02', 'tjdud', SYSTIMESTAMP, '1');
INSERT INTO FOLLOW(FOLLOW_CODE, FOLLOW_FROM, FOLLOW_TO, FOLLOW_DATE, FOLLOW_CHECK)
VALUES(FOL_SEQ.NEXTVAL, 'tjdud', 'user02', SYSTIMESTAMP, '1');

INSERT INTO FOLLOW(FOLLOW_CODE, FOLLOW_FROM, FOLLOW_TO, FOLLOW_DATE, FOLLOW_CHECK)
VALUES(FOL_SEQ.NEXTVAL, 'user02', 'dusdn', SYSTIMESTAMP, '1');
INSERT INTO FOLLOW(FOLLOW_CODE, FOLLOW_FROM, FOLLOW_TO, FOLLOW_DATE, FOLLOW_CHECK)
VALUES(FOL_SEQ.NEXTVAL, 'dusdn', 'user02', SYSTIMESTAMP, '1');

---------------------------------------------------------------------------------

INSERT INTO FOLLOW(FOLLOW_CODE, FOLLOW_FROM, FOLLOW_TO, FOLLOW_DATE, FOLLOW_CHECK)
VALUES(FOL_SEQ.NEXTVAL, 'user03', 'user04', SYSTIMESTAMP, '1');
INSERT INTO FOLLOW(FOLLOW_CODE, FOLLOW_FROM, FOLLOW_TO, FOLLOW_DATE, FOLLOW_CHECK)
VALUES(FOL_SEQ.NEXTVAL, 'user04', 'user03', SYSTIMESTAMP, '1');

INSERT INTO FOLLOW(FOLLOW_CODE, FOLLOW_FROM, FOLLOW_TO, FOLLOW_DATE, FOLLOW_CHECK)
VALUES(FOL_SEQ.NEXTVAL, 'user03', 'user05', SYSTIMESTAMP, '1');
INSERT INTO FOLLOW(FOLLOW_CODE, FOLLOW_FROM, FOLLOW_TO, FOLLOW_DATE, FOLLOW_CHECK)
VALUES(FOL_SEQ.NEXTVAL, 'user05', 'user03', SYSTIMESTAMP, '1');

INSERT INTO FOLLOW(FOLLOW_CODE, FOLLOW_FROM, FOLLOW_TO, FOLLOW_DATE, FOLLOW_CHECK)
VALUES(FOL_SEQ.NEXTVAL, 'user03', 'user06', SYSTIMESTAMP, '1');
INSERT INTO FOLLOW(FOLLOW_CODE, FOLLOW_FROM, FOLLOW_TO, FOLLOW_DATE, FOLLOW_CHECK)
VALUES(FOL_SEQ.NEXTVAL, 'user06', 'user03', SYSTIMESTAMP, '1');

INSERT INTO FOLLOW(FOLLOW_CODE, FOLLOW_FROM, FOLLOW_TO, FOLLOW_DATE, FOLLOW_CHECK)
VALUES(FOL_SEQ.NEXTVAL, 'user03', 'user07', SYSTIMESTAMP, '1');
INSERT INTO FOLLOW(FOLLOW_CODE, FOLLOW_FROM, FOLLOW_TO, FOLLOW_DATE, FOLLOW_CHECK)
VALUES(FOL_SEQ.NEXTVAL, 'user07', 'user03', SYSTIMESTAMP, '1');

INSERT INTO FOLLOW(FOLLOW_CODE, FOLLOW_FROM, FOLLOW_TO, FOLLOW_DATE, FOLLOW_CHECK)
VALUES(FOL_SEQ.NEXTVAL, 'user03', 'user08', SYSTIMESTAMP, '1');
INSERT INTO FOLLOW(FOLLOW_CODE, FOLLOW_FROM, FOLLOW_TO, FOLLOW_DATE, FOLLOW_CHECK)
VALUES(FOL_SEQ.NEXTVAL, 'user08', 'user03', SYSTIMESTAMP, '1');

INSERT INTO FOLLOW(FOLLOW_CODE, FOLLOW_FROM, FOLLOW_TO, FOLLOW_DATE, FOLLOW_CHECK)
VALUES(FOL_SEQ.NEXTVAL, 'user03', 'user09', SYSTIMESTAMP, '1');
INSERT INTO FOLLOW(FOLLOW_CODE, FOLLOW_FROM, FOLLOW_TO, FOLLOW_DATE, FOLLOW_CHECK)
VALUES(FOL_SEQ.NEXTVAL, 'user09', 'user03', SYSTIMESTAMP, '1');

INSERT INTO FOLLOW(FOLLOW_CODE, FOLLOW_FROM, FOLLOW_TO, FOLLOW_DATE, FOLLOW_CHECK)
VALUES(FOL_SEQ.NEXTVAL, 'user03', 'user10', SYSTIMESTAMP, '1');
INSERT INTO FOLLOW(FOLLOW_CODE, FOLLOW_FROM, FOLLOW_TO, FOLLOW_DATE, FOLLOW_CHECK)
VALUES(FOL_SEQ.NEXTVAL, 'user10', 'user03', SYSTIMESTAMP, '1');

INSERT INTO FOLLOW(FOLLOW_CODE, FOLLOW_FROM, FOLLOW_TO, FOLLOW_DATE, FOLLOW_CHECK)
VALUES(FOL_SEQ.NEXTVAL, 'user03', 'user11', SYSTIMESTAMP, '1');
INSERT INTO FOLLOW(FOLLOW_CODE, FOLLOW_FROM, FOLLOW_TO, FOLLOW_DATE, FOLLOW_CHECK)
VALUES(FOL_SEQ.NEXTVAL, 'user11', 'user03', SYSTIMESTAMP, '1');

INSERT INTO FOLLOW(FOLLOW_CODE, FOLLOW_FROM, FOLLOW_TO, FOLLOW_DATE, FOLLOW_CHECK)
VALUES(FOL_SEQ.NEXTVAL, 'user03', 'user12', SYSTIMESTAMP, '1');
INSERT INTO FOLLOW(FOLLOW_CODE, FOLLOW_FROM, FOLLOW_TO, FOLLOW_DATE, FOLLOW_CHECK)
VALUES(FOL_SEQ.NEXTVAL, 'user12', 'user03', SYSTIMESTAMP, '1');

INSERT INTO FOLLOW(FOLLOW_CODE, FOLLOW_FROM, FOLLOW_TO, FOLLOW_DATE, FOLLOW_CHECK)
VALUES(FOL_SEQ.NEXTVAL, 'user03', 'user13', SYSTIMESTAMP, '1');
INSERT INTO FOLLOW(FOLLOW_CODE, FOLLOW_FROM, FOLLOW_TO, FOLLOW_DATE, FOLLOW_CHECK)
VALUES(FOL_SEQ.NEXTVAL, 'user13', 'user03', SYSTIMESTAMP, '1');

INSERT INTO FOLLOW(FOLLOW_CODE, FOLLOW_FROM, FOLLOW_TO, FOLLOW_DATE, FOLLOW_CHECK)
VALUES(FOL_SEQ.NEXTVAL, 'user03', 'user14', SYSTIMESTAMP, '1');
INSERT INTO FOLLOW(FOLLOW_CODE, FOLLOW_FROM, FOLLOW_TO, FOLLOW_DATE, FOLLOW_CHECK)
VALUES(FOL_SEQ.NEXTVAL, 'user14', 'user03', SYSTIMESTAMP, '1');

INSERT INTO FOLLOW(FOLLOW_CODE, FOLLOW_FROM, FOLLOW_TO, FOLLOW_DATE, FOLLOW_CHECK)
VALUES(FOL_SEQ.NEXTVAL, 'user03', 'user15', SYSTIMESTAMP, '1');
INSERT INTO FOLLOW(FOLLOW_CODE, FOLLOW_FROM, FOLLOW_TO, FOLLOW_DATE, FOLLOW_CHECK)
VALUES(FOL_SEQ.NEXTVAL, 'user15', 'user03', SYSTIMESTAMP, '1');

INSERT INTO FOLLOW(FOLLOW_CODE, FOLLOW_FROM, FOLLOW_TO, FOLLOW_DATE, FOLLOW_CHECK)
VALUES(FOL_SEQ.NEXTVAL, 'user03', 'user16', SYSTIMESTAMP, '1');
INSERT INTO FOLLOW(FOLLOW_CODE, FOLLOW_FROM, FOLLOW_TO, FOLLOW_DATE, FOLLOW_CHECK)
VALUES(FOL_SEQ.NEXTVAL, 'user16', 'user03', SYSTIMESTAMP, '1');

INSERT INTO FOLLOW(FOLLOW_CODE, FOLLOW_FROM, FOLLOW_TO, FOLLOW_DATE, FOLLOW_CHECK)
VALUES(FOL_SEQ.NEXTVAL, 'user03', 'user17', SYSTIMESTAMP, '1');
INSERT INTO FOLLOW(FOLLOW_CODE, FOLLOW_FROM, FOLLOW_TO, FOLLOW_DATE, FOLLOW_CHECK)
VALUES(FOL_SEQ.NEXTVAL, 'user17', 'user03', SYSTIMESTAMP, '1');

INSERT INTO FOLLOW(FOLLOW_CODE, FOLLOW_FROM, FOLLOW_TO, FOLLOW_DATE, FOLLOW_CHECK)
VALUES(FOL_SEQ.NEXTVAL, 'user03', 'user18', SYSTIMESTAMP, '1');
INSERT INTO FOLLOW(FOLLOW_CODE, FOLLOW_FROM, FOLLOW_TO, FOLLOW_DATE, FOLLOW_CHECK)
VALUES(FOL_SEQ.NEXTVAL, 'user18', 'user03', SYSTIMESTAMP, '1');

INSERT INTO FOLLOW(FOLLOW_CODE, FOLLOW_FROM, FOLLOW_TO, FOLLOW_DATE, FOLLOW_CHECK)
VALUES(FOL_SEQ.NEXTVAL, 'user03', 'user19', SYSTIMESTAMP, '1');
INSERT INTO FOLLOW(FOLLOW_CODE, FOLLOW_FROM, FOLLOW_TO, FOLLOW_DATE, FOLLOW_CHECK)
VALUES(FOL_SEQ.NEXTVAL, 'user19', 'user03', SYSTIMESTAMP, '1');

INSERT INTO FOLLOW(FOLLOW_CODE, FOLLOW_FROM, FOLLOW_TO, FOLLOW_DATE, FOLLOW_CHECK)
VALUES(FOL_SEQ.NEXTVAL, 'user03', 'user20', SYSTIMESTAMP, '1');
INSERT INTO FOLLOW(FOLLOW_CODE, FOLLOW_FROM, FOLLOW_TO, FOLLOW_DATE, FOLLOW_CHECK)
VALUES(FOL_SEQ.NEXTVAL, 'user20', 'user03', SYSTIMESTAMP, '1');

INSERT INTO FOLLOW(FOLLOW_CODE, FOLLOW_FROM, FOLLOW_TO, FOLLOW_DATE, FOLLOW_CHECK)
VALUES(FOL_SEQ.NEXTVAL, 'user03', 'gudwns', SYSTIMESTAMP, '1');
INSERT INTO FOLLOW(FOLLOW_CODE, FOLLOW_FROM, FOLLOW_TO, FOLLOW_DATE, FOLLOW_CHECK)
VALUES(FOL_SEQ.NEXTVAL, 'gudwns', 'user03', SYSTIMESTAMP, '1');

INSERT INTO FOLLOW(FOLLOW_CODE, FOLLOW_FROM, FOLLOW_TO, FOLLOW_DATE, FOLLOW_CHECK)
VALUES(FOL_SEQ.NEXTVAL, 'user03', 'rbehd', SYSTIMESTAMP, '1');
INSERT INTO FOLLOW(FOLLOW_CODE, FOLLOW_FROM, FOLLOW_TO, FOLLOW_DATE, FOLLOW_CHECK)
VALUES(FOL_SEQ.NEXTVAL, 'rbehd', 'user03', SYSTIMESTAMP, '1');

INSERT INTO FOLLOW(FOLLOW_CODE, FOLLOW_FROM, FOLLOW_TO, FOLLOW_DATE, FOLLOW_CHECK)
VALUES(FOL_SEQ.NEXTVAL, 'user03', 'gkdbs', SYSTIMESTAMP, '1');
INSERT INTO FOLLOW(FOLLOW_CODE, FOLLOW_FROM, FOLLOW_TO, FOLLOW_DATE, FOLLOW_CHECK)
VALUES(FOL_SEQ.NEXTVAL, 'gkdbs', 'user03', SYSTIMESTAMP, '1');

INSERT INTO FOLLOW(FOLLOW_CODE, FOLLOW_FROM, FOLLOW_TO, FOLLOW_DATE, FOLLOW_CHECK)
VALUES(FOL_SEQ.NEXTVAL, 'user03', 'tjdud', SYSTIMESTAMP, '1');
INSERT INTO FOLLOW(FOLLOW_CODE, FOLLOW_FROM, FOLLOW_TO, FOLLOW_DATE, FOLLOW_CHECK)
VALUES(FOL_SEQ.NEXTVAL, 'tjdud', 'user03', SYSTIMESTAMP, '1');

INSERT INTO FOLLOW(FOLLOW_CODE, FOLLOW_FROM, FOLLOW_TO, FOLLOW_DATE, FOLLOW_CHECK)
VALUES(FOL_SEQ.NEXTVAL, 'user03', 'dusdn', SYSTIMESTAMP, '1');
INSERT INTO FOLLOW(FOLLOW_CODE, FOLLOW_FROM, FOLLOW_TO, FOLLOW_DATE, FOLLOW_CHECK)
VALUES(FOL_SEQ.NEXTVAL, 'dusdn', 'user03', SYSTIMESTAMP, '1');

---------------------------------------------------------------------------------
INSERT INTO FOLLOW(FOLLOW_CODE, FOLLOW_FROM, FOLLOW_TO, FOLLOW_DATE, FOLLOW_CHECK)
VALUES(FOL_SEQ.NEXTVAL, 'user04', 'user05', SYSTIMESTAMP, '1');
INSERT INTO FOLLOW(FOLLOW_CODE, FOLLOW_FROM, FOLLOW_TO, FOLLOW_DATE, FOLLOW_CHECK)
VALUES(FOL_SEQ.NEXTVAL, 'user05', 'user04', SYSTIMESTAMP, '1');

INSERT INTO FOLLOW(FOLLOW_CODE, FOLLOW_FROM, FOLLOW_TO, FOLLOW_DATE, FOLLOW_CHECK)
VALUES(FOL_SEQ.NEXTVAL, 'user04', 'user06', SYSTIMESTAMP, '1');
INSERT INTO FOLLOW(FOLLOW_CODE, FOLLOW_FROM, FOLLOW_TO, FOLLOW_DATE, FOLLOW_CHECK)
VALUES(FOL_SEQ.NEXTVAL, 'user06', 'user04', SYSTIMESTAMP, '1');

INSERT INTO FOLLOW(FOLLOW_CODE, FOLLOW_FROM, FOLLOW_TO, FOLLOW_DATE, FOLLOW_CHECK)
VALUES(FOL_SEQ.NEXTVAL, 'user04', 'user07', SYSTIMESTAMP, '1');
INSERT INTO FOLLOW(FOLLOW_CODE, FOLLOW_FROM, FOLLOW_TO, FOLLOW_DATE, FOLLOW_CHECK)
VALUES(FOL_SEQ.NEXTVAL, 'user07', 'user04', SYSTIMESTAMP, '1');

INSERT INTO FOLLOW(FOLLOW_CODE, FOLLOW_FROM, FOLLOW_TO, FOLLOW_DATE, FOLLOW_CHECK)
VALUES(FOL_SEQ.NEXTVAL, 'user04', 'user08', SYSTIMESTAMP, '1');
INSERT INTO FOLLOW(FOLLOW_CODE, FOLLOW_FROM, FOLLOW_TO, FOLLOW_DATE, FOLLOW_CHECK)
VALUES(FOL_SEQ.NEXTVAL, 'user08', 'user04', SYSTIMESTAMP, '1');

INSERT INTO FOLLOW(FOLLOW_CODE, FOLLOW_FROM, FOLLOW_TO, FOLLOW_DATE, FOLLOW_CHECK)
VALUES(FOL_SEQ.NEXTVAL, 'user04', 'user09', SYSTIMESTAMP, '1');
INSERT INTO FOLLOW(FOLLOW_CODE, FOLLOW_FROM, FOLLOW_TO, FOLLOW_DATE, FOLLOW_CHECK)
VALUES(FOL_SEQ.NEXTVAL, 'user09', 'user04', SYSTIMESTAMP, '1');

INSERT INTO FOLLOW(FOLLOW_CODE, FOLLOW_FROM, FOLLOW_TO, FOLLOW_DATE, FOLLOW_CHECK)
VALUES(FOL_SEQ.NEXTVAL, 'user04', 'user10', SYSTIMESTAMP, '1');
INSERT INTO FOLLOW(FOLLOW_CODE, FOLLOW_FROM, FOLLOW_TO, FOLLOW_DATE, FOLLOW_CHECK)
VALUES(FOL_SEQ.NEXTVAL, 'user10', 'user04', SYSTIMESTAMP, '1');

INSERT INTO FOLLOW(FOLLOW_CODE, FOLLOW_FROM, FOLLOW_TO, FOLLOW_DATE, FOLLOW_CHECK)
VALUES(FOL_SEQ.NEXTVAL, 'user04', 'user11', SYSTIMESTAMP, '1');
INSERT INTO FOLLOW(FOLLOW_CODE, FOLLOW_FROM, FOLLOW_TO, FOLLOW_DATE, FOLLOW_CHECK)
VALUES(FOL_SEQ.NEXTVAL, 'user11', 'user04', SYSTIMESTAMP, '1');

INSERT INTO FOLLOW(FOLLOW_CODE, FOLLOW_FROM, FOLLOW_TO, FOLLOW_DATE, FOLLOW_CHECK)
VALUES(FOL_SEQ.NEXTVAL, 'user04', 'user12', SYSTIMESTAMP, '1');
INSERT INTO FOLLOW(FOLLOW_CODE, FOLLOW_FROM, FOLLOW_TO, FOLLOW_DATE, FOLLOW_CHECK)
VALUES(FOL_SEQ.NEXTVAL, 'user12', 'user04', SYSTIMESTAMP, '1');

INSERT INTO FOLLOW(FOLLOW_CODE, FOLLOW_FROM, FOLLOW_TO, FOLLOW_DATE, FOLLOW_CHECK)
VALUES(FOL_SEQ.NEXTVAL, 'user04', 'user13', SYSTIMESTAMP, '1');
INSERT INTO FOLLOW(FOLLOW_CODE, FOLLOW_FROM, FOLLOW_TO, FOLLOW_DATE, FOLLOW_CHECK)
VALUES(FOL_SEQ.NEXTVAL, 'user13', 'user04', SYSTIMESTAMP, '1');

INSERT INTO FOLLOW(FOLLOW_CODE, FOLLOW_FROM, FOLLOW_TO, FOLLOW_DATE, FOLLOW_CHECK)
VALUES(FOL_SEQ.NEXTVAL, 'user04', 'user14', SYSTIMESTAMP, '1');
INSERT INTO FOLLOW(FOLLOW_CODE, FOLLOW_FROM, FOLLOW_TO, FOLLOW_DATE, FOLLOW_CHECK)
VALUES(FOL_SEQ.NEXTVAL, 'user14', 'user04', SYSTIMESTAMP, '1');

INSERT INTO FOLLOW(FOLLOW_CODE, FOLLOW_FROM, FOLLOW_TO, FOLLOW_DATE, FOLLOW_CHECK)
VALUES(FOL_SEQ.NEXTVAL, 'user04', 'user15', SYSTIMESTAMP, '1');
INSERT INTO FOLLOW(FOLLOW_CODE, FOLLOW_FROM, FOLLOW_TO, FOLLOW_DATE, FOLLOW_CHECK)
VALUES(FOL_SEQ.NEXTVAL, 'user15', 'user04', SYSTIMESTAMP, '1');

INSERT INTO FOLLOW(FOLLOW_CODE, FOLLOW_FROM, FOLLOW_TO, FOLLOW_DATE, FOLLOW_CHECK)
VALUES(FOL_SEQ.NEXTVAL, 'user04', 'user16', SYSTIMESTAMP, '1');
INSERT INTO FOLLOW(FOLLOW_CODE, FOLLOW_FROM, FOLLOW_TO, FOLLOW_DATE, FOLLOW_CHECK)
VALUES(FOL_SEQ.NEXTVAL, 'user16', 'user04', SYSTIMESTAMP, '1');

INSERT INTO FOLLOW(FOLLOW_CODE, FOLLOW_FROM, FOLLOW_TO, FOLLOW_DATE, FOLLOW_CHECK)
VALUES(FOL_SEQ.NEXTVAL, 'user04', 'user17', SYSTIMESTAMP, '1');
INSERT INTO FOLLOW(FOLLOW_CODE, FOLLOW_FROM, FOLLOW_TO, FOLLOW_DATE, FOLLOW_CHECK)
VALUES(FOL_SEQ.NEXTVAL, 'user17', 'user04', SYSTIMESTAMP, '1');

INSERT INTO FOLLOW(FOLLOW_CODE, FOLLOW_FROM, FOLLOW_TO, FOLLOW_DATE, FOLLOW_CHECK)
VALUES(FOL_SEQ.NEXTVAL, 'user04', 'user18', SYSTIMESTAMP, '1');
INSERT INTO FOLLOW(FOLLOW_CODE, FOLLOW_FROM, FOLLOW_TO, FOLLOW_DATE, FOLLOW_CHECK)
VALUES(FOL_SEQ.NEXTVAL, 'user18', 'user04', SYSTIMESTAMP, '1');

INSERT INTO FOLLOW(FOLLOW_CODE, FOLLOW_FROM, FOLLOW_TO, FOLLOW_DATE, FOLLOW_CHECK)
VALUES(FOL_SEQ.NEXTVAL, 'user04', 'user19', SYSTIMESTAMP, '1');
INSERT INTO FOLLOW(FOLLOW_CODE, FOLLOW_FROM, FOLLOW_TO, FOLLOW_DATE, FOLLOW_CHECK)
VALUES(FOL_SEQ.NEXTVAL, 'user19', 'user04', SYSTIMESTAMP, '1');

INSERT INTO FOLLOW(FOLLOW_CODE, FOLLOW_FROM, FOLLOW_TO, FOLLOW_DATE, FOLLOW_CHECK)
VALUES(FOL_SEQ.NEXTVAL, 'user04', 'user20', SYSTIMESTAMP, '1');
INSERT INTO FOLLOW(FOLLOW_CODE, FOLLOW_FROM, FOLLOW_TO, FOLLOW_DATE, FOLLOW_CHECK)
VALUES(FOL_SEQ.NEXTVAL, 'user20', 'user04', SYSTIMESTAMP, '1');

INSERT INTO FOLLOW(FOLLOW_CODE, FOLLOW_FROM, FOLLOW_TO, FOLLOW_DATE, FOLLOW_CHECK)
VALUES(FOL_SEQ.NEXTVAL, 'user04', 'gudwns', SYSTIMESTAMP, '1');
INSERT INTO FOLLOW(FOLLOW_CODE, FOLLOW_FROM, FOLLOW_TO, FOLLOW_DATE, FOLLOW_CHECK)
VALUES(FOL_SEQ.NEXTVAL, 'gudwns', 'user04', SYSTIMESTAMP, '1');

INSERT INTO FOLLOW(FOLLOW_CODE, FOLLOW_FROM, FOLLOW_TO, FOLLOW_DATE, FOLLOW_CHECK)
VALUES(FOL_SEQ.NEXTVAL, 'user04', 'rbehd', SYSTIMESTAMP, '1');
INSERT INTO FOLLOW(FOLLOW_CODE, FOLLOW_FROM, FOLLOW_TO, FOLLOW_DATE, FOLLOW_CHECK)
VALUES(FOL_SEQ.NEXTVAL, 'rbehd', 'user04', SYSTIMESTAMP, '1');

INSERT INTO FOLLOW(FOLLOW_CODE, FOLLOW_FROM, FOLLOW_TO, FOLLOW_DATE, FOLLOW_CHECK)
VALUES(FOL_SEQ.NEXTVAL, 'user04', 'gkdbs', SYSTIMESTAMP, '1');
INSERT INTO FOLLOW(FOLLOW_CODE, FOLLOW_FROM, FOLLOW_TO, FOLLOW_DATE, FOLLOW_CHECK)
VALUES(FOL_SEQ.NEXTVAL, 'gkdbs', 'user04', SYSTIMESTAMP, '1');

INSERT INTO FOLLOW(FOLLOW_CODE, FOLLOW_FROM, FOLLOW_TO, FOLLOW_DATE, FOLLOW_CHECK)
VALUES(FOL_SEQ.NEXTVAL, 'user04', 'tjdud', SYSTIMESTAMP, '1');
INSERT INTO FOLLOW(FOLLOW_CODE, FOLLOW_FROM, FOLLOW_TO, FOLLOW_DATE, FOLLOW_CHECK)
VALUES(FOL_SEQ.NEXTVAL, 'tjdud', 'user04', SYSTIMESTAMP, '1');

INSERT INTO FOLLOW(FOLLOW_CODE, FOLLOW_FROM, FOLLOW_TO, FOLLOW_DATE, FOLLOW_CHECK)
VALUES(FOL_SEQ.NEXTVAL, 'user04', 'dusdn', SYSTIMESTAMP, '1');
INSERT INTO FOLLOW(FOLLOW_CODE, FOLLOW_FROM, FOLLOW_TO, FOLLOW_DATE, FOLLOW_CHECK)
VALUES(FOL_SEQ.NEXTVAL, 'dusdn', 'user04', SYSTIMESTAMP, '1');

---------------------------------------------------------------------------------

INSERT INTO FOLLOW(FOLLOW_CODE, FOLLOW_FROM, FOLLOW_TO, FOLLOW_DATE, FOLLOW_CHECK)
VALUES(FOL_SEQ.NEXTVAL, 'user05', 'user06', SYSTIMESTAMP, '1');
INSERT INTO FOLLOW(FOLLOW_CODE, FOLLOW_FROM, FOLLOW_TO, FOLLOW_DATE, FOLLOW_CHECK)
VALUES(FOL_SEQ.NEXTVAL, 'user06', 'user05', SYSTIMESTAMP, '1');

INSERT INTO FOLLOW(FOLLOW_CODE, FOLLOW_FROM, FOLLOW_TO, FOLLOW_DATE, FOLLOW_CHECK)
VALUES(FOL_SEQ.NEXTVAL, 'user05', 'user07', SYSTIMESTAMP, '1');
INSERT INTO FOLLOW(FOLLOW_CODE, FOLLOW_FROM, FOLLOW_TO, FOLLOW_DATE, FOLLOW_CHECK)
VALUES(FOL_SEQ.NEXTVAL, 'user07', 'user05', SYSTIMESTAMP, '1');

INSERT INTO FOLLOW(FOLLOW_CODE, FOLLOW_FROM, FOLLOW_TO, FOLLOW_DATE, FOLLOW_CHECK)
VALUES(FOL_SEQ.NEXTVAL, 'user05', 'user08', SYSTIMESTAMP, '1');
INSERT INTO FOLLOW(FOLLOW_CODE, FOLLOW_FROM, FOLLOW_TO, FOLLOW_DATE, FOLLOW_CHECK)
VALUES(FOL_SEQ.NEXTVAL, 'user08', 'user05', SYSTIMESTAMP, '1');

INSERT INTO FOLLOW(FOLLOW_CODE, FOLLOW_FROM, FOLLOW_TO, FOLLOW_DATE, FOLLOW_CHECK)
VALUES(FOL_SEQ.NEXTVAL, 'user05', 'user09', SYSTIMESTAMP, '1');
INSERT INTO FOLLOW(FOLLOW_CODE, FOLLOW_FROM, FOLLOW_TO, FOLLOW_DATE, FOLLOW_CHECK)
VALUES(FOL_SEQ.NEXTVAL, 'user09', 'user05', SYSTIMESTAMP, '1');

INSERT INTO FOLLOW(FOLLOW_CODE, FOLLOW_FROM, FOLLOW_TO, FOLLOW_DATE, FOLLOW_CHECK)
VALUES(FOL_SEQ.NEXTVAL, 'user05', 'user10', SYSTIMESTAMP, '1');
INSERT INTO FOLLOW(FOLLOW_CODE, FOLLOW_FROM, FOLLOW_TO, FOLLOW_DATE, FOLLOW_CHECK)
VALUES(FOL_SEQ.NEXTVAL, 'user10', 'user05', SYSTIMESTAMP, '1');

INSERT INTO FOLLOW(FOLLOW_CODE, FOLLOW_FROM, FOLLOW_TO, FOLLOW_DATE, FOLLOW_CHECK)
VALUES(FOL_SEQ.NEXTVAL, 'user05', 'user11', SYSTIMESTAMP, '1');
INSERT INTO FOLLOW(FOLLOW_CODE, FOLLOW_FROM, FOLLOW_TO, FOLLOW_DATE, FOLLOW_CHECK)
VALUES(FOL_SEQ.NEXTVAL, 'user11', 'user05', SYSTIMESTAMP, '1');

INSERT INTO FOLLOW(FOLLOW_CODE, FOLLOW_FROM, FOLLOW_TO, FOLLOW_DATE, FOLLOW_CHECK)
VALUES(FOL_SEQ.NEXTVAL, 'user05', 'user12', SYSTIMESTAMP, '1');
INSERT INTO FOLLOW(FOLLOW_CODE, FOLLOW_FROM, FOLLOW_TO, FOLLOW_DATE, FOLLOW_CHECK)
VALUES(FOL_SEQ.NEXTVAL, 'user12', 'user05', SYSTIMESTAMP, '1');

INSERT INTO FOLLOW(FOLLOW_CODE, FOLLOW_FROM, FOLLOW_TO, FOLLOW_DATE, FOLLOW_CHECK)
VALUES(FOL_SEQ.NEXTVAL, 'user05', 'user13', SYSTIMESTAMP, '1');
INSERT INTO FOLLOW(FOLLOW_CODE, FOLLOW_FROM, FOLLOW_TO, FOLLOW_DATE, FOLLOW_CHECK)
VALUES(FOL_SEQ.NEXTVAL, 'user13', 'user05', SYSTIMESTAMP, '1');

INSERT INTO FOLLOW(FOLLOW_CODE, FOLLOW_FROM, FOLLOW_TO, FOLLOW_DATE, FOLLOW_CHECK)
VALUES(FOL_SEQ.NEXTVAL, 'user05', 'user14', SYSTIMESTAMP, '1');
INSERT INTO FOLLOW(FOLLOW_CODE, FOLLOW_FROM, FOLLOW_TO, FOLLOW_DATE, FOLLOW_CHECK)
VALUES(FOL_SEQ.NEXTVAL, 'user14', 'user05', SYSTIMESTAMP, '1');

INSERT INTO FOLLOW(FOLLOW_CODE, FOLLOW_FROM, FOLLOW_TO, FOLLOW_DATE, FOLLOW_CHECK)
VALUES(FOL_SEQ.NEXTVAL, 'user05', 'user15', SYSTIMESTAMP, '1');
INSERT INTO FOLLOW(FOLLOW_CODE, FOLLOW_FROM, FOLLOW_TO, FOLLOW_DATE, FOLLOW_CHECK)
VALUES(FOL_SEQ.NEXTVAL, 'user15', 'user05', SYSTIMESTAMP, '1');

INSERT INTO FOLLOW(FOLLOW_CODE, FOLLOW_FROM, FOLLOW_TO, FOLLOW_DATE, FOLLOW_CHECK)
VALUES(FOL_SEQ.NEXTVAL, 'user05', 'user16', SYSTIMESTAMP, '1');
INSERT INTO FOLLOW(FOLLOW_CODE, FOLLOW_FROM, FOLLOW_TO, FOLLOW_DATE, FOLLOW_CHECK)
VALUES(FOL_SEQ.NEXTVAL, 'user16', 'user05', SYSTIMESTAMP, '1');

INSERT INTO FOLLOW(FOLLOW_CODE, FOLLOW_FROM, FOLLOW_TO, FOLLOW_DATE, FOLLOW_CHECK)
VALUES(FOL_SEQ.NEXTVAL, 'user05', 'user17', SYSTIMESTAMP, '1');
INSERT INTO FOLLOW(FOLLOW_CODE, FOLLOW_FROM, FOLLOW_TO, FOLLOW_DATE, FOLLOW_CHECK)
VALUES(FOL_SEQ.NEXTVAL, 'user17', 'user05', SYSTIMESTAMP, '1');

INSERT INTO FOLLOW(FOLLOW_CODE, FOLLOW_FROM, FOLLOW_TO, FOLLOW_DATE, FOLLOW_CHECK)
VALUES(FOL_SEQ.NEXTVAL, 'user05', 'user18', SYSTIMESTAMP, '1');
INSERT INTO FOLLOW(FOLLOW_CODE, FOLLOW_FROM, FOLLOW_TO, FOLLOW_DATE, FOLLOW_CHECK)
VALUES(FOL_SEQ.NEXTVAL, 'user18', 'user05', SYSTIMESTAMP, '1');

INSERT INTO FOLLOW(FOLLOW_CODE, FOLLOW_FROM, FOLLOW_TO, FOLLOW_DATE, FOLLOW_CHECK)
VALUES(FOL_SEQ.NEXTVAL, 'user05', 'user19', SYSTIMESTAMP, '1');
INSERT INTO FOLLOW(FOLLOW_CODE, FOLLOW_FROM, FOLLOW_TO, FOLLOW_DATE, FOLLOW_CHECK)
VALUES(FOL_SEQ.NEXTVAL, 'user19', 'user05', SYSTIMESTAMP, '1');

INSERT INTO FOLLOW(FOLLOW_CODE, FOLLOW_FROM, FOLLOW_TO, FOLLOW_DATE, FOLLOW_CHECK)
VALUES(FOL_SEQ.NEXTVAL, 'user05', 'user20', SYSTIMESTAMP, '1');
INSERT INTO FOLLOW(FOLLOW_CODE, FOLLOW_FROM, FOLLOW_TO, FOLLOW_DATE, FOLLOW_CHECK)
VALUES(FOL_SEQ.NEXTVAL, 'user20', 'user05', SYSTIMESTAMP, '1');

INSERT INTO FOLLOW(FOLLOW_CODE, FOLLOW_FROM, FOLLOW_TO, FOLLOW_DATE, FOLLOW_CHECK)
VALUES(FOL_SEQ.NEXTVAL, 'user05', 'gudwns', SYSTIMESTAMP, '1');
INSERT INTO FOLLOW(FOLLOW_CODE, FOLLOW_FROM, FOLLOW_TO, FOLLOW_DATE, FOLLOW_CHECK)
VALUES(FOL_SEQ.NEXTVAL, 'gudwns', 'user05', SYSTIMESTAMP, '1');

INSERT INTO FOLLOW(FOLLOW_CODE, FOLLOW_FROM, FOLLOW_TO, FOLLOW_DATE, FOLLOW_CHECK)
VALUES(FOL_SEQ.NEXTVAL, 'user05', 'rbehd', SYSTIMESTAMP, '1');
INSERT INTO FOLLOW(FOLLOW_CODE, FOLLOW_FROM, FOLLOW_TO, FOLLOW_DATE, FOLLOW_CHECK)
VALUES(FOL_SEQ.NEXTVAL, 'rbehd', 'user05', SYSTIMESTAMP, '1');

INSERT INTO FOLLOW(FOLLOW_CODE, FOLLOW_FROM, FOLLOW_TO, FOLLOW_DATE, FOLLOW_CHECK)
VALUES(FOL_SEQ.NEXTVAL, 'user05', 'gkdbs', SYSTIMESTAMP, '1');
INSERT INTO FOLLOW(FOLLOW_CODE, FOLLOW_FROM, FOLLOW_TO, FOLLOW_DATE, FOLLOW_CHECK)
VALUES(FOL_SEQ.NEXTVAL, 'gkdbs', 'user05', SYSTIMESTAMP, '1');

INSERT INTO FOLLOW(FOLLOW_CODE, FOLLOW_FROM, FOLLOW_TO, FOLLOW_DATE, FOLLOW_CHECK)
VALUES(FOL_SEQ.NEXTVAL, 'user05', 'tjdud', SYSTIMESTAMP, '1');
INSERT INTO FOLLOW(FOLLOW_CODE, FOLLOW_FROM, FOLLOW_TO, FOLLOW_DATE, FOLLOW_CHECK)
VALUES(FOL_SEQ.NEXTVAL, 'tjdud', 'user05', SYSTIMESTAMP, '1');

INSERT INTO FOLLOW(FOLLOW_CODE, FOLLOW_FROM, FOLLOW_TO, FOLLOW_DATE, FOLLOW_CHECK)
VALUES(FOL_SEQ.NEXTVAL, 'user05', 'dusdn', SYSTIMESTAMP, '1');
INSERT INTO FOLLOW(FOLLOW_CODE, FOLLOW_FROM, FOLLOW_TO, FOLLOW_DATE, FOLLOW_CHECK)
VALUES(FOL_SEQ.NEXTVAL, 'dusdn', 'user05', SYSTIMESTAMP, '1');

---------------------------------------------------------------------------------

INSERT INTO FOLLOW(FOLLOW_CODE, FOLLOW_FROM, FOLLOW_TO, FOLLOW_DATE, FOLLOW_CHECK)
VALUES(FOL_SEQ.NEXTVAL, 'user06', 'user07', SYSTIMESTAMP, '1');
INSERT INTO FOLLOW(FOLLOW_CODE, FOLLOW_FROM, FOLLOW_TO, FOLLOW_DATE, FOLLOW_CHECK)
VALUES(FOL_SEQ.NEXTVAL, 'user07', 'user06', SYSTIMESTAMP, '1');

INSERT INTO FOLLOW(FOLLOW_CODE, FOLLOW_FROM, FOLLOW_TO, FOLLOW_DATE, FOLLOW_CHECK)
VALUES(FOL_SEQ.NEXTVAL, 'user06', 'user08', SYSTIMESTAMP, '1');
INSERT INTO FOLLOW(FOLLOW_CODE, FOLLOW_FROM, FOLLOW_TO, FOLLOW_DATE, FOLLOW_CHECK)
VALUES(FOL_SEQ.NEXTVAL, 'user08', 'user06', SYSTIMESTAMP, '1');

INSERT INTO FOLLOW(FOLLOW_CODE, FOLLOW_FROM, FOLLOW_TO, FOLLOW_DATE, FOLLOW_CHECK)
VALUES(FOL_SEQ.NEXTVAL, 'user06', 'user09', SYSTIMESTAMP, '1');
INSERT INTO FOLLOW(FOLLOW_CODE, FOLLOW_FROM, FOLLOW_TO, FOLLOW_DATE, FOLLOW_CHECK)
VALUES(FOL_SEQ.NEXTVAL, 'user09', 'user06', SYSTIMESTAMP, '1');

INSERT INTO FOLLOW(FOLLOW_CODE, FOLLOW_FROM, FOLLOW_TO, FOLLOW_DATE, FOLLOW_CHECK)
VALUES(FOL_SEQ.NEXTVAL, 'user06', 'user10', SYSTIMESTAMP, '1');
INSERT INTO FOLLOW(FOLLOW_CODE, FOLLOW_FROM, FOLLOW_TO, FOLLOW_DATE, FOLLOW_CHECK)
VALUES(FOL_SEQ.NEXTVAL, 'user10', 'user06', SYSTIMESTAMP, '1');

INSERT INTO FOLLOW(FOLLOW_CODE, FOLLOW_FROM, FOLLOW_TO, FOLLOW_DATE, FOLLOW_CHECK)
VALUES(FOL_SEQ.NEXTVAL, 'user06', 'user11', SYSTIMESTAMP, '1');
INSERT INTO FOLLOW(FOLLOW_CODE, FOLLOW_FROM, FOLLOW_TO, FOLLOW_DATE, FOLLOW_CHECK)
VALUES(FOL_SEQ.NEXTVAL, 'user11', 'user06', SYSTIMESTAMP, '1');

INSERT INTO FOLLOW(FOLLOW_CODE, FOLLOW_FROM, FOLLOW_TO, FOLLOW_DATE, FOLLOW_CHECK)
VALUES(FOL_SEQ.NEXTVAL, 'user06', 'user12', SYSTIMESTAMP, '1');
INSERT INTO FOLLOW(FOLLOW_CODE, FOLLOW_FROM, FOLLOW_TO, FOLLOW_DATE, FOLLOW_CHECK)
VALUES(FOL_SEQ.NEXTVAL, 'user12', 'user06', SYSTIMESTAMP, '1');

INSERT INTO FOLLOW(FOLLOW_CODE, FOLLOW_FROM, FOLLOW_TO, FOLLOW_DATE, FOLLOW_CHECK)
VALUES(FOL_SEQ.NEXTVAL, 'user06', 'user13', SYSTIMESTAMP, '1');
INSERT INTO FOLLOW(FOLLOW_CODE, FOLLOW_FROM, FOLLOW_TO, FOLLOW_DATE, FOLLOW_CHECK)
VALUES(FOL_SEQ.NEXTVAL, 'user13', 'user06', SYSTIMESTAMP, '1');

INSERT INTO FOLLOW(FOLLOW_CODE, FOLLOW_FROM, FOLLOW_TO, FOLLOW_DATE, FOLLOW_CHECK)
VALUES(FOL_SEQ.NEXTVAL, 'user06', 'user14', SYSTIMESTAMP, '1');
INSERT INTO FOLLOW(FOLLOW_CODE, FOLLOW_FROM, FOLLOW_TO, FOLLOW_DATE, FOLLOW_CHECK)
VALUES(FOL_SEQ.NEXTVAL, 'user14', 'user06', SYSTIMESTAMP, '1');

INSERT INTO FOLLOW(FOLLOW_CODE, FOLLOW_FROM, FOLLOW_TO, FOLLOW_DATE, FOLLOW_CHECK)
VALUES(FOL_SEQ.NEXTVAL, 'user06', 'user15', SYSTIMESTAMP, '1');
INSERT INTO FOLLOW(FOLLOW_CODE, FOLLOW_FROM, FOLLOW_TO, FOLLOW_DATE, FOLLOW_CHECK)
VALUES(FOL_SEQ.NEXTVAL, 'user15', 'user06', SYSTIMESTAMP, '1');

INSERT INTO FOLLOW(FOLLOW_CODE, FOLLOW_FROM, FOLLOW_TO, FOLLOW_DATE, FOLLOW_CHECK)
VALUES(FOL_SEQ.NEXTVAL, 'user06', 'user16', SYSTIMESTAMP, '1');
INSERT INTO FOLLOW(FOLLOW_CODE, FOLLOW_FROM, FOLLOW_TO, FOLLOW_DATE, FOLLOW_CHECK)
VALUES(FOL_SEQ.NEXTVAL, 'user16', 'user06', SYSTIMESTAMP, '1');

INSERT INTO FOLLOW(FOLLOW_CODE, FOLLOW_FROM, FOLLOW_TO, FOLLOW_DATE, FOLLOW_CHECK)
VALUES(FOL_SEQ.NEXTVAL, 'user06', 'user17', SYSTIMESTAMP, '1');
INSERT INTO FOLLOW(FOLLOW_CODE, FOLLOW_FROM, FOLLOW_TO, FOLLOW_DATE, FOLLOW_CHECK)
VALUES(FOL_SEQ.NEXTVAL, 'user17', 'user06', SYSTIMESTAMP, '1');

INSERT INTO FOLLOW(FOLLOW_CODE, FOLLOW_FROM, FOLLOW_TO, FOLLOW_DATE, FOLLOW_CHECK)
VALUES(FOL_SEQ.NEXTVAL, 'user06', 'user18', SYSTIMESTAMP, '1');
INSERT INTO FOLLOW(FOLLOW_CODE, FOLLOW_FROM, FOLLOW_TO, FOLLOW_DATE, FOLLOW_CHECK)
VALUES(FOL_SEQ.NEXTVAL, 'user18', 'user06', SYSTIMESTAMP, '1');

INSERT INTO FOLLOW(FOLLOW_CODE, FOLLOW_FROM, FOLLOW_TO, FOLLOW_DATE, FOLLOW_CHECK)
VALUES(FOL_SEQ.NEXTVAL, 'user06', 'user19', SYSTIMESTAMP, '1');
INSERT INTO FOLLOW(FOLLOW_CODE, FOLLOW_FROM, FOLLOW_TO, FOLLOW_DATE, FOLLOW_CHECK)
VALUES(FOL_SEQ.NEXTVAL, 'user19', 'user06', SYSTIMESTAMP, '1');

INSERT INTO FOLLOW(FOLLOW_CODE, FOLLOW_FROM, FOLLOW_TO, FOLLOW_DATE, FOLLOW_CHECK)
VALUES(FOL_SEQ.NEXTVAL, 'user06', 'user20', SYSTIMESTAMP, '1');
INSERT INTO FOLLOW(FOLLOW_CODE, FOLLOW_FROM, FOLLOW_TO, FOLLOW_DATE, FOLLOW_CHECK)
VALUES(FOL_SEQ.NEXTVAL, 'user20', 'user06', SYSTIMESTAMP, '1');

INSERT INTO FOLLOW(FOLLOW_CODE, FOLLOW_FROM, FOLLOW_TO, FOLLOW_DATE, FOLLOW_CHECK)
VALUES(FOL_SEQ.NEXTVAL, 'user06', 'gudwns', SYSTIMESTAMP, '1');
INSERT INTO FOLLOW(FOLLOW_CODE, FOLLOW_FROM, FOLLOW_TO, FOLLOW_DATE, FOLLOW_CHECK)
VALUES(FOL_SEQ.NEXTVAL, 'gudwns', 'user06', SYSTIMESTAMP, '1');

INSERT INTO FOLLOW(FOLLOW_CODE, FOLLOW_FROM, FOLLOW_TO, FOLLOW_DATE, FOLLOW_CHECK)
VALUES(FOL_SEQ.NEXTVAL, 'user06', 'rbehd', SYSTIMESTAMP, '1');
INSERT INTO FOLLOW(FOLLOW_CODE, FOLLOW_FROM, FOLLOW_TO, FOLLOW_DATE, FOLLOW_CHECK)
VALUES(FOL_SEQ.NEXTVAL, 'rbehd', 'user06', SYSTIMESTAMP, '1');

INSERT INTO FOLLOW(FOLLOW_CODE, FOLLOW_FROM, FOLLOW_TO, FOLLOW_DATE, FOLLOW_CHECK)
VALUES(FOL_SEQ.NEXTVAL, 'user06', 'gkdbs', SYSTIMESTAMP, '1');
INSERT INTO FOLLOW(FOLLOW_CODE, FOLLOW_FROM, FOLLOW_TO, FOLLOW_DATE, FOLLOW_CHECK)
VALUES(FOL_SEQ.NEXTVAL, 'gkdbs', 'user06', SYSTIMESTAMP, '1');

INSERT INTO FOLLOW(FOLLOW_CODE, FOLLOW_FROM, FOLLOW_TO, FOLLOW_DATE, FOLLOW_CHECK)
VALUES(FOL_SEQ.NEXTVAL, 'user06', 'tjdud', SYSTIMESTAMP, '1');
INSERT INTO FOLLOW(FOLLOW_CODE, FOLLOW_FROM, FOLLOW_TO, FOLLOW_DATE, FOLLOW_CHECK)
VALUES(FOL_SEQ.NEXTVAL, 'tjdud', 'user06', SYSTIMESTAMP, '1');

INSERT INTO FOLLOW(FOLLOW_CODE, FOLLOW_FROM, FOLLOW_TO, FOLLOW_DATE, FOLLOW_CHECK)
VALUES(FOL_SEQ.NEXTVAL, 'user06', 'dusdn', SYSTIMESTAMP, '1');
INSERT INTO FOLLOW(FOLLOW_CODE, FOLLOW_FROM, FOLLOW_TO, FOLLOW_DATE, FOLLOW_CHECK)
VALUES(FOL_SEQ.NEXTVAL, 'dusdn', 'user06', SYSTIMESTAMP, '1');

---------------------------------------------------------------------------------

INSERT INTO FOLLOW(FOLLOW_CODE, FOLLOW_FROM, FOLLOW_TO, FOLLOW_DATE, FOLLOW_CHECK)
VALUES(FOL_SEQ.NEXTVAL, 'user07', 'user08', SYSTIMESTAMP, '1');
INSERT INTO FOLLOW(FOLLOW_CODE, FOLLOW_FROM, FOLLOW_TO, FOLLOW_DATE, FOLLOW_CHECK)
VALUES(FOL_SEQ.NEXTVAL, 'user08', 'user07', SYSTIMESTAMP, '1');

INSERT INTO FOLLOW(FOLLOW_CODE, FOLLOW_FROM, FOLLOW_TO, FOLLOW_DATE, FOLLOW_CHECK)
VALUES(FOL_SEQ.NEXTVAL, 'user07', 'user09', SYSTIMESTAMP, '1');
INSERT INTO FOLLOW(FOLLOW_CODE, FOLLOW_FROM, FOLLOW_TO, FOLLOW_DATE, FOLLOW_CHECK)
VALUES(FOL_SEQ.NEXTVAL, 'user09', 'user07', SYSTIMESTAMP, '1');

INSERT INTO FOLLOW(FOLLOW_CODE, FOLLOW_FROM, FOLLOW_TO, FOLLOW_DATE, FOLLOW_CHECK)
VALUES(FOL_SEQ.NEXTVAL, 'user07', 'user10', SYSTIMESTAMP, '1');
INSERT INTO FOLLOW(FOLLOW_CODE, FOLLOW_FROM, FOLLOW_TO, FOLLOW_DATE, FOLLOW_CHECK)
VALUES(FOL_SEQ.NEXTVAL, 'user10', 'user07', SYSTIMESTAMP, '1');

INSERT INTO FOLLOW(FOLLOW_CODE, FOLLOW_FROM, FOLLOW_TO, FOLLOW_DATE, FOLLOW_CHECK)
VALUES(FOL_SEQ.NEXTVAL, 'user07', 'user11', SYSTIMESTAMP, '1');
INSERT INTO FOLLOW(FOLLOW_CODE, FOLLOW_FROM, FOLLOW_TO, FOLLOW_DATE, FOLLOW_CHECK)
VALUES(FOL_SEQ.NEXTVAL, 'user11', 'user07', SYSTIMESTAMP, '1');

INSERT INTO FOLLOW(FOLLOW_CODE, FOLLOW_FROM, FOLLOW_TO, FOLLOW_DATE, FOLLOW_CHECK)
VALUES(FOL_SEQ.NEXTVAL, 'user07', 'user12', SYSTIMESTAMP, '1');
INSERT INTO FOLLOW(FOLLOW_CODE, FOLLOW_FROM, FOLLOW_TO, FOLLOW_DATE, FOLLOW_CHECK)
VALUES(FOL_SEQ.NEXTVAL, 'user12', 'user07', SYSTIMESTAMP, '1');

INSERT INTO FOLLOW(FOLLOW_CODE, FOLLOW_FROM, FOLLOW_TO, FOLLOW_DATE, FOLLOW_CHECK)
VALUES(FOL_SEQ.NEXTVAL, 'user07', 'user13', SYSTIMESTAMP, '1');
INSERT INTO FOLLOW(FOLLOW_CODE, FOLLOW_FROM, FOLLOW_TO, FOLLOW_DATE, FOLLOW_CHECK)
VALUES(FOL_SEQ.NEXTVAL, 'user13', 'user07', SYSTIMESTAMP, '1');

INSERT INTO FOLLOW(FOLLOW_CODE, FOLLOW_FROM, FOLLOW_TO, FOLLOW_DATE, FOLLOW_CHECK)
VALUES(FOL_SEQ.NEXTVAL, 'user07', 'user14', SYSTIMESTAMP, '1');
INSERT INTO FOLLOW(FOLLOW_CODE, FOLLOW_FROM, FOLLOW_TO, FOLLOW_DATE, FOLLOW_CHECK)
VALUES(FOL_SEQ.NEXTVAL, 'user14', 'user07', SYSTIMESTAMP, '1');

INSERT INTO FOLLOW(FOLLOW_CODE, FOLLOW_FROM, FOLLOW_TO, FOLLOW_DATE, FOLLOW_CHECK)
VALUES(FOL_SEQ.NEXTVAL, 'user07', 'user15', SYSTIMESTAMP, '1');
INSERT INTO FOLLOW(FOLLOW_CODE, FOLLOW_FROM, FOLLOW_TO, FOLLOW_DATE, FOLLOW_CHECK)
VALUES(FOL_SEQ.NEXTVAL, 'user15', 'user07', SYSTIMESTAMP, '1');

INSERT INTO FOLLOW(FOLLOW_CODE, FOLLOW_FROM, FOLLOW_TO, FOLLOW_DATE, FOLLOW_CHECK)
VALUES(FOL_SEQ.NEXTVAL, 'user07', 'user16', SYSTIMESTAMP, '1');
INSERT INTO FOLLOW(FOLLOW_CODE, FOLLOW_FROM, FOLLOW_TO, FOLLOW_DATE, FOLLOW_CHECK)
VALUES(FOL_SEQ.NEXTVAL, 'user16', 'user07', SYSTIMESTAMP, '1');

INSERT INTO FOLLOW(FOLLOW_CODE, FOLLOW_FROM, FOLLOW_TO, FOLLOW_DATE, FOLLOW_CHECK)
VALUES(FOL_SEQ.NEXTVAL, 'user07', 'user17', SYSTIMESTAMP, '1');
INSERT INTO FOLLOW(FOLLOW_CODE, FOLLOW_FROM, FOLLOW_TO, FOLLOW_DATE, FOLLOW_CHECK)
VALUES(FOL_SEQ.NEXTVAL, 'user17', 'user07', SYSTIMESTAMP, '1');

INSERT INTO FOLLOW(FOLLOW_CODE, FOLLOW_FROM, FOLLOW_TO, FOLLOW_DATE, FOLLOW_CHECK)
VALUES(FOL_SEQ.NEXTVAL, 'user07', 'user18', SYSTIMESTAMP, '1');
INSERT INTO FOLLOW(FOLLOW_CODE, FOLLOW_FROM, FOLLOW_TO, FOLLOW_DATE, FOLLOW_CHECK)
VALUES(FOL_SEQ.NEXTVAL, 'user18', 'user07', SYSTIMESTAMP, '1');

INSERT INTO FOLLOW(FOLLOW_CODE, FOLLOW_FROM, FOLLOW_TO, FOLLOW_DATE, FOLLOW_CHECK)
VALUES(FOL_SEQ.NEXTVAL, 'user07', 'user19', SYSTIMESTAMP, '1');
INSERT INTO FOLLOW(FOLLOW_CODE, FOLLOW_FROM, FOLLOW_TO, FOLLOW_DATE, FOLLOW_CHECK)
VALUES(FOL_SEQ.NEXTVAL, 'user19', 'user07', SYSTIMESTAMP, '1');

INSERT INTO FOLLOW(FOLLOW_CODE, FOLLOW_FROM, FOLLOW_TO, FOLLOW_DATE, FOLLOW_CHECK)
VALUES(FOL_SEQ.NEXTVAL, 'user07', 'user20', SYSTIMESTAMP, '1');
INSERT INTO FOLLOW(FOLLOW_CODE, FOLLOW_FROM, FOLLOW_TO, FOLLOW_DATE, FOLLOW_CHECK)
VALUES(FOL_SEQ.NEXTVAL, 'user20', 'user07', SYSTIMESTAMP, '1');

INSERT INTO FOLLOW(FOLLOW_CODE, FOLLOW_FROM, FOLLOW_TO, FOLLOW_DATE, FOLLOW_CHECK)
VALUES(FOL_SEQ.NEXTVAL, 'user07', 'gudwns', SYSTIMESTAMP, '1');
INSERT INTO FOLLOW(FOLLOW_CODE, FOLLOW_FROM, FOLLOW_TO, FOLLOW_DATE, FOLLOW_CHECK)
VALUES(FOL_SEQ.NEXTVAL, 'gudwns', 'user07', SYSTIMESTAMP, '1');

INSERT INTO FOLLOW(FOLLOW_CODE, FOLLOW_FROM, FOLLOW_TO, FOLLOW_DATE, FOLLOW_CHECK)
VALUES(FOL_SEQ.NEXTVAL, 'user07', 'rbehd', SYSTIMESTAMP, '1');
INSERT INTO FOLLOW(FOLLOW_CODE, FOLLOW_FROM, FOLLOW_TO, FOLLOW_DATE, FOLLOW_CHECK)
VALUES(FOL_SEQ.NEXTVAL, 'rbehd', 'user07', SYSTIMESTAMP, '1');

INSERT INTO FOLLOW(FOLLOW_CODE, FOLLOW_FROM, FOLLOW_TO, FOLLOW_DATE, FOLLOW_CHECK)
VALUES(FOL_SEQ.NEXTVAL, 'user07', 'gkdbs', SYSTIMESTAMP, '1');
INSERT INTO FOLLOW(FOLLOW_CODE, FOLLOW_FROM, FOLLOW_TO, FOLLOW_DATE, FOLLOW_CHECK)
VALUES(FOL_SEQ.NEXTVAL, 'gkdbs', 'user07', SYSTIMESTAMP, '1');

INSERT INTO FOLLOW(FOLLOW_CODE, FOLLOW_FROM, FOLLOW_TO, FOLLOW_DATE, FOLLOW_CHECK)
VALUES(FOL_SEQ.NEXTVAL, 'user07', 'tjdud', SYSTIMESTAMP, '1');
INSERT INTO FOLLOW(FOLLOW_CODE, FOLLOW_FROM, FOLLOW_TO, FOLLOW_DATE, FOLLOW_CHECK)
VALUES(FOL_SEQ.NEXTVAL, 'tjdud', 'user07', SYSTIMESTAMP, '1');

INSERT INTO FOLLOW(FOLLOW_CODE, FOLLOW_FROM, FOLLOW_TO, FOLLOW_DATE, FOLLOW_CHECK)
VALUES(FOL_SEQ.NEXTVAL, 'user07', 'dusdn', SYSTIMESTAMP, '1');
INSERT INTO FOLLOW(FOLLOW_CODE, FOLLOW_FROM, FOLLOW_TO, FOLLOW_DATE, FOLLOW_CHECK)
VALUES(FOL_SEQ.NEXTVAL, 'dusdn', 'user07', SYSTIMESTAMP, '1');

---------------------------------------------------------------------------------

INSERT INTO FOLLOW(FOLLOW_CODE, FOLLOW_FROM, FOLLOW_TO, FOLLOW_DATE, FOLLOW_CHECK)
VALUES(FOL_SEQ.NEXTVAL, 'user08', 'user09', SYSTIMESTAMP, '1');
INSERT INTO FOLLOW(FOLLOW_CODE, FOLLOW_FROM, FOLLOW_TO, FOLLOW_DATE, FOLLOW_CHECK)
VALUES(FOL_SEQ.NEXTVAL, 'user09', 'user08', SYSTIMESTAMP, '1');

INSERT INTO FOLLOW(FOLLOW_CODE, FOLLOW_FROM, FOLLOW_TO, FOLLOW_DATE, FOLLOW_CHECK)
VALUES(FOL_SEQ.NEXTVAL, 'user08', 'user10', SYSTIMESTAMP, '1');
INSERT INTO FOLLOW(FOLLOW_CODE, FOLLOW_FROM, FOLLOW_TO, FOLLOW_DATE, FOLLOW_CHECK)
VALUES(FOL_SEQ.NEXTVAL, 'user10', 'user08', SYSTIMESTAMP, '1');

INSERT INTO FOLLOW(FOLLOW_CODE, FOLLOW_FROM, FOLLOW_TO, FOLLOW_DATE, FOLLOW_CHECK)
VALUES(FOL_SEQ.NEXTVAL, 'user08', 'user11', SYSTIMESTAMP, '1');
INSERT INTO FOLLOW(FOLLOW_CODE, FOLLOW_FROM, FOLLOW_TO, FOLLOW_DATE, FOLLOW_CHECK)
VALUES(FOL_SEQ.NEXTVAL, 'user11', 'user08', SYSTIMESTAMP, '1');

INSERT INTO FOLLOW(FOLLOW_CODE, FOLLOW_FROM, FOLLOW_TO, FOLLOW_DATE, FOLLOW_CHECK)
VALUES(FOL_SEQ.NEXTVAL, 'user08', 'user12', SYSTIMESTAMP, '1');
INSERT INTO FOLLOW(FOLLOW_CODE, FOLLOW_FROM, FOLLOW_TO, FOLLOW_DATE, FOLLOW_CHECK)
VALUES(FOL_SEQ.NEXTVAL, 'user12', 'user08', SYSTIMESTAMP, '1');

INSERT INTO FOLLOW(FOLLOW_CODE, FOLLOW_FROM, FOLLOW_TO, FOLLOW_DATE, FOLLOW_CHECK)
VALUES(FOL_SEQ.NEXTVAL, 'user08', 'user13', SYSTIMESTAMP, '1');
INSERT INTO FOLLOW(FOLLOW_CODE, FOLLOW_FROM, FOLLOW_TO, FOLLOW_DATE, FOLLOW_CHECK)
VALUES(FOL_SEQ.NEXTVAL, 'user13', 'user08', SYSTIMESTAMP, '1');

INSERT INTO FOLLOW(FOLLOW_CODE, FOLLOW_FROM, FOLLOW_TO, FOLLOW_DATE, FOLLOW_CHECK)
VALUES(FOL_SEQ.NEXTVAL, 'user08', 'user14', SYSTIMESTAMP, '1');
INSERT INTO FOLLOW(FOLLOW_CODE, FOLLOW_FROM, FOLLOW_TO, FOLLOW_DATE, FOLLOW_CHECK)
VALUES(FOL_SEQ.NEXTVAL, 'user14', 'user08', SYSTIMESTAMP, '1');

INSERT INTO FOLLOW(FOLLOW_CODE, FOLLOW_FROM, FOLLOW_TO, FOLLOW_DATE, FOLLOW_CHECK)
VALUES(FOL_SEQ.NEXTVAL, 'user08', 'user15', SYSTIMESTAMP, '1');
INSERT INTO FOLLOW(FOLLOW_CODE, FOLLOW_FROM, FOLLOW_TO, FOLLOW_DATE, FOLLOW_CHECK)
VALUES(FOL_SEQ.NEXTVAL, 'user15', 'user08', SYSTIMESTAMP, '1');

INSERT INTO FOLLOW(FOLLOW_CODE, FOLLOW_FROM, FOLLOW_TO, FOLLOW_DATE, FOLLOW_CHECK)
VALUES(FOL_SEQ.NEXTVAL, 'user08', 'user16', SYSTIMESTAMP, '1');
INSERT INTO FOLLOW(FOLLOW_CODE, FOLLOW_FROM, FOLLOW_TO, FOLLOW_DATE, FOLLOW_CHECK)
VALUES(FOL_SEQ.NEXTVAL, 'user16', 'user08', SYSTIMESTAMP, '1');

INSERT INTO FOLLOW(FOLLOW_CODE, FOLLOW_FROM, FOLLOW_TO, FOLLOW_DATE, FOLLOW_CHECK)
VALUES(FOL_SEQ.NEXTVAL, 'user08', 'user17', SYSTIMESTAMP, '1');
INSERT INTO FOLLOW(FOLLOW_CODE, FOLLOW_FROM, FOLLOW_TO, FOLLOW_DATE, FOLLOW_CHECK)
VALUES(FOL_SEQ.NEXTVAL, 'user17', 'user08', SYSTIMESTAMP, '1');

INSERT INTO FOLLOW(FOLLOW_CODE, FOLLOW_FROM, FOLLOW_TO, FOLLOW_DATE, FOLLOW_CHECK)
VALUES(FOL_SEQ.NEXTVAL, 'user08', 'user18', SYSTIMESTAMP, '1');
INSERT INTO FOLLOW(FOLLOW_CODE, FOLLOW_FROM, FOLLOW_TO, FOLLOW_DATE, FOLLOW_CHECK)
VALUES(FOL_SEQ.NEXTVAL, 'user18', 'user08', SYSTIMESTAMP, '1');

INSERT INTO FOLLOW(FOLLOW_CODE, FOLLOW_FROM, FOLLOW_TO, FOLLOW_DATE, FOLLOW_CHECK)
VALUES(FOL_SEQ.NEXTVAL, 'user08', 'user19', SYSTIMESTAMP, '1');
INSERT INTO FOLLOW(FOLLOW_CODE, FOLLOW_FROM, FOLLOW_TO, FOLLOW_DATE, FOLLOW_CHECK)
VALUES(FOL_SEQ.NEXTVAL, 'user19', 'user08', SYSTIMESTAMP, '1');

INSERT INTO FOLLOW(FOLLOW_CODE, FOLLOW_FROM, FOLLOW_TO, FOLLOW_DATE, FOLLOW_CHECK)
VALUES(FOL_SEQ.NEXTVAL, 'user08', 'user20', SYSTIMESTAMP, '1');
INSERT INTO FOLLOW(FOLLOW_CODE, FOLLOW_FROM, FOLLOW_TO, FOLLOW_DATE, FOLLOW_CHECK)
VALUES(FOL_SEQ.NEXTVAL, 'user20', 'user08', SYSTIMESTAMP, '1');

INSERT INTO FOLLOW(FOLLOW_CODE, FOLLOW_FROM, FOLLOW_TO, FOLLOW_DATE, FOLLOW_CHECK)
VALUES(FOL_SEQ.NEXTVAL, 'user08', 'gudwns', SYSTIMESTAMP, '1');
INSERT INTO FOLLOW(FOLLOW_CODE, FOLLOW_FROM, FOLLOW_TO, FOLLOW_DATE, FOLLOW_CHECK)
VALUES(FOL_SEQ.NEXTVAL, 'gudwns', 'user08', SYSTIMESTAMP, '1');

INSERT INTO FOLLOW(FOLLOW_CODE, FOLLOW_FROM, FOLLOW_TO, FOLLOW_DATE, FOLLOW_CHECK)
VALUES(FOL_SEQ.NEXTVAL, 'user08', 'rbehd', SYSTIMESTAMP, '1');
INSERT INTO FOLLOW(FOLLOW_CODE, FOLLOW_FROM, FOLLOW_TO, FOLLOW_DATE, FOLLOW_CHECK)
VALUES(FOL_SEQ.NEXTVAL, 'rbehd', 'user08', SYSTIMESTAMP, '1');

INSERT INTO FOLLOW(FOLLOW_CODE, FOLLOW_FROM, FOLLOW_TO, FOLLOW_DATE, FOLLOW_CHECK)
VALUES(FOL_SEQ.NEXTVAL, 'user08', 'gkdbs', SYSTIMESTAMP, '1');
INSERT INTO FOLLOW(FOLLOW_CODE, FOLLOW_FROM, FOLLOW_TO, FOLLOW_DATE, FOLLOW_CHECK)
VALUES(FOL_SEQ.NEXTVAL, 'gkdbs', 'user08', SYSTIMESTAMP, '1');

INSERT INTO FOLLOW(FOLLOW_CODE, FOLLOW_FROM, FOLLOW_TO, FOLLOW_DATE, FOLLOW_CHECK)
VALUES(FOL_SEQ.NEXTVAL, 'user08', 'tjdud', SYSTIMESTAMP, '1');
INSERT INTO FOLLOW(FOLLOW_CODE, FOLLOW_FROM, FOLLOW_TO, FOLLOW_DATE, FOLLOW_CHECK)
VALUES(FOL_SEQ.NEXTVAL, 'tjdud', 'user08', SYSTIMESTAMP, '1');

INSERT INTO FOLLOW(FOLLOW_CODE, FOLLOW_FROM, FOLLOW_TO, FOLLOW_DATE, FOLLOW_CHECK)
VALUES(FOL_SEQ.NEXTVAL, 'user08', 'dusdn', SYSTIMESTAMP, '1');
INSERT INTO FOLLOW(FOLLOW_CODE, FOLLOW_FROM, FOLLOW_TO, FOLLOW_DATE, FOLLOW_CHECK)
VALUES(FOL_SEQ.NEXTVAL, 'dusdn', 'user08', SYSTIMESTAMP, '1');

---------------------------------------------------------------------------------

INSERT INTO FOLLOW(FOLLOW_CODE, FOLLOW_FROM, FOLLOW_TO, FOLLOW_DATE, FOLLOW_CHECK)
VALUES(FOL_SEQ.NEXTVAL, 'user09', 'user10', SYSTIMESTAMP, '1');
INSERT INTO FOLLOW(FOLLOW_CODE, FOLLOW_FROM, FOLLOW_TO, FOLLOW_DATE, FOLLOW_CHECK)
VALUES(FOL_SEQ.NEXTVAL, 'user10', 'user09', SYSTIMESTAMP, '1');

INSERT INTO FOLLOW(FOLLOW_CODE, FOLLOW_FROM, FOLLOW_TO, FOLLOW_DATE, FOLLOW_CHECK)
VALUES(FOL_SEQ.NEXTVAL, 'user09', 'user11', SYSTIMESTAMP, '1');
INSERT INTO FOLLOW(FOLLOW_CODE, FOLLOW_FROM, FOLLOW_TO, FOLLOW_DATE, FOLLOW_CHECK)
VALUES(FOL_SEQ.NEXTVAL, 'user11', 'user09', SYSTIMESTAMP, '1');

INSERT INTO FOLLOW(FOLLOW_CODE, FOLLOW_FROM, FOLLOW_TO, FOLLOW_DATE, FOLLOW_CHECK)
VALUES(FOL_SEQ.NEXTVAL, 'user09', 'user12', SYSTIMESTAMP, '1');
INSERT INTO FOLLOW(FOLLOW_CODE, FOLLOW_FROM, FOLLOW_TO, FOLLOW_DATE, FOLLOW_CHECK)
VALUES(FOL_SEQ.NEXTVAL, 'user12', 'user09', SYSTIMESTAMP, '1');

INSERT INTO FOLLOW(FOLLOW_CODE, FOLLOW_FROM, FOLLOW_TO, FOLLOW_DATE, FOLLOW_CHECK)
VALUES(FOL_SEQ.NEXTVAL, 'user09', 'user13', SYSTIMESTAMP, '1');
INSERT INTO FOLLOW(FOLLOW_CODE, FOLLOW_FROM, FOLLOW_TO, FOLLOW_DATE, FOLLOW_CHECK)
VALUES(FOL_SEQ.NEXTVAL, 'user13', 'user09', SYSTIMESTAMP, '1');

INSERT INTO FOLLOW(FOLLOW_CODE, FOLLOW_FROM, FOLLOW_TO, FOLLOW_DATE, FOLLOW_CHECK)
VALUES(FOL_SEQ.NEXTVAL, 'user09', 'user14', SYSTIMESTAMP, '1');
INSERT INTO FOLLOW(FOLLOW_CODE, FOLLOW_FROM, FOLLOW_TO, FOLLOW_DATE, FOLLOW_CHECK)
VALUES(FOL_SEQ.NEXTVAL, 'user14', 'user09', SYSTIMESTAMP, '1');

INSERT INTO FOLLOW(FOLLOW_CODE, FOLLOW_FROM, FOLLOW_TO, FOLLOW_DATE, FOLLOW_CHECK)
VALUES(FOL_SEQ.NEXTVAL, 'user09', 'user15', SYSTIMESTAMP, '1');
INSERT INTO FOLLOW(FOLLOW_CODE, FOLLOW_FROM, FOLLOW_TO, FOLLOW_DATE, FOLLOW_CHECK)
VALUES(FOL_SEQ.NEXTVAL, 'user15', 'user09', SYSTIMESTAMP, '1');

INSERT INTO FOLLOW(FOLLOW_CODE, FOLLOW_FROM, FOLLOW_TO, FOLLOW_DATE, FOLLOW_CHECK)
VALUES(FOL_SEQ.NEXTVAL, 'user09', 'user16', SYSTIMESTAMP, '1');
INSERT INTO FOLLOW(FOLLOW_CODE, FOLLOW_FROM, FOLLOW_TO, FOLLOW_DATE, FOLLOW_CHECK)
VALUES(FOL_SEQ.NEXTVAL, 'user16', 'user09', SYSTIMESTAMP, '1');

INSERT INTO FOLLOW(FOLLOW_CODE, FOLLOW_FROM, FOLLOW_TO, FOLLOW_DATE, FOLLOW_CHECK)
VALUES(FOL_SEQ.NEXTVAL, 'user09', 'user17', SYSTIMESTAMP, '1');
INSERT INTO FOLLOW(FOLLOW_CODE, FOLLOW_FROM, FOLLOW_TO, FOLLOW_DATE, FOLLOW_CHECK)
VALUES(FOL_SEQ.NEXTVAL, 'user17', 'user09', SYSTIMESTAMP, '1');

INSERT INTO FOLLOW(FOLLOW_CODE, FOLLOW_FROM, FOLLOW_TO, FOLLOW_DATE, FOLLOW_CHECK)
VALUES(FOL_SEQ.NEXTVAL, 'user09', 'user18', SYSTIMESTAMP, '1');
INSERT INTO FOLLOW(FOLLOW_CODE, FOLLOW_FROM, FOLLOW_TO, FOLLOW_DATE, FOLLOW_CHECK)
VALUES(FOL_SEQ.NEXTVAL, 'user18', 'user09', SYSTIMESTAMP, '1');

INSERT INTO FOLLOW(FOLLOW_CODE, FOLLOW_FROM, FOLLOW_TO, FOLLOW_DATE, FOLLOW_CHECK)
VALUES(FOL_SEQ.NEXTVAL, 'user09', 'user19', SYSTIMESTAMP, '1');
INSERT INTO FOLLOW(FOLLOW_CODE, FOLLOW_FROM, FOLLOW_TO, FOLLOW_DATE, FOLLOW_CHECK)
VALUES(FOL_SEQ.NEXTVAL, 'user19', 'user09', SYSTIMESTAMP, '1');

INSERT INTO FOLLOW(FOLLOW_CODE, FOLLOW_FROM, FOLLOW_TO, FOLLOW_DATE, FOLLOW_CHECK)
VALUES(FOL_SEQ.NEXTVAL, 'user09', 'user20', SYSTIMESTAMP, '1');
INSERT INTO FOLLOW(FOLLOW_CODE, FOLLOW_FROM, FOLLOW_TO, FOLLOW_DATE, FOLLOW_CHECK)
VALUES(FOL_SEQ.NEXTVAL, 'user20', 'user09', SYSTIMESTAMP, '1');

INSERT INTO FOLLOW(FOLLOW_CODE, FOLLOW_FROM, FOLLOW_TO, FOLLOW_DATE, FOLLOW_CHECK)
VALUES(FOL_SEQ.NEXTVAL, 'user09', 'gudwns', SYSTIMESTAMP, '1');
INSERT INTO FOLLOW(FOLLOW_CODE, FOLLOW_FROM, FOLLOW_TO, FOLLOW_DATE, FOLLOW_CHECK)
VALUES(FOL_SEQ.NEXTVAL, 'gudwns', 'user09', SYSTIMESTAMP, '1');

INSERT INTO FOLLOW(FOLLOW_CODE, FOLLOW_FROM, FOLLOW_TO, FOLLOW_DATE, FOLLOW_CHECK)
VALUES(FOL_SEQ.NEXTVAL, 'user09', 'rbehd', SYSTIMESTAMP, '1');
INSERT INTO FOLLOW(FOLLOW_CODE, FOLLOW_FROM, FOLLOW_TO, FOLLOW_DATE, FOLLOW_CHECK)
VALUES(FOL_SEQ.NEXTVAL, 'rbehd', 'user09', SYSTIMESTAMP, '1');

INSERT INTO FOLLOW(FOLLOW_CODE, FOLLOW_FROM, FOLLOW_TO, FOLLOW_DATE, FOLLOW_CHECK)
VALUES(FOL_SEQ.NEXTVAL, 'user09', 'gkdbs', SYSTIMESTAMP, '1');
INSERT INTO FOLLOW(FOLLOW_CODE, FOLLOW_FROM, FOLLOW_TO, FOLLOW_DATE, FOLLOW_CHECK)
VALUES(FOL_SEQ.NEXTVAL, 'gkdbs', 'user09', SYSTIMESTAMP, '1');

INSERT INTO FOLLOW(FOLLOW_CODE, FOLLOW_FROM, FOLLOW_TO, FOLLOW_DATE, FOLLOW_CHECK)
VALUES(FOL_SEQ.NEXTVAL, 'user09', 'tjdud', SYSTIMESTAMP, '1');
INSERT INTO FOLLOW(FOLLOW_CODE, FOLLOW_FROM, FOLLOW_TO, FOLLOW_DATE, FOLLOW_CHECK)
VALUES(FOL_SEQ.NEXTVAL, 'tjdud', 'user09', SYSTIMESTAMP, '1');

INSERT INTO FOLLOW(FOLLOW_CODE, FOLLOW_FROM, FOLLOW_TO, FOLLOW_DATE, FOLLOW_CHECK)
VALUES(FOL_SEQ.NEXTVAL, 'user09', 'dusdn', SYSTIMESTAMP, '1');
INSERT INTO FOLLOW(FOLLOW_CODE, FOLLOW_FROM, FOLLOW_TO, FOLLOW_DATE, FOLLOW_CHECK)
VALUES(FOL_SEQ.NEXTVAL, 'dusdn', 'user09', SYSTIMESTAMP, '1');

---------------------------------------------------------------------------------

INSERT INTO FOLLOW(FOLLOW_CODE, FOLLOW_FROM, FOLLOW_TO, FOLLOW_DATE, FOLLOW_CHECK)
VALUES(FOL_SEQ.NEXTVAL, 'user10', 'user11', SYSTIMESTAMP, '1');
INSERT INTO FOLLOW(FOLLOW_CODE, FOLLOW_FROM, FOLLOW_TO, FOLLOW_DATE, FOLLOW_CHECK)
VALUES(FOL_SEQ.NEXTVAL, 'user11', 'user10', SYSTIMESTAMP, '1');

INSERT INTO FOLLOW(FOLLOW_CODE, FOLLOW_FROM, FOLLOW_TO, FOLLOW_DATE, FOLLOW_CHECK)
VALUES(FOL_SEQ.NEXTVAL, 'user10', 'user12', SYSTIMESTAMP, '1');
INSERT INTO FOLLOW(FOLLOW_CODE, FOLLOW_FROM, FOLLOW_TO, FOLLOW_DATE, FOLLOW_CHECK)
VALUES(FOL_SEQ.NEXTVAL, 'user12', 'user10', SYSTIMESTAMP, '1');

INSERT INTO FOLLOW(FOLLOW_CODE, FOLLOW_FROM, FOLLOW_TO, FOLLOW_DATE, FOLLOW_CHECK)
VALUES(FOL_SEQ.NEXTVAL, 'user10', 'user13', SYSTIMESTAMP, '1');
INSERT INTO FOLLOW(FOLLOW_CODE, FOLLOW_FROM, FOLLOW_TO, FOLLOW_DATE, FOLLOW_CHECK)
VALUES(FOL_SEQ.NEXTVAL, 'user13', 'user10', SYSTIMESTAMP, '1');

INSERT INTO FOLLOW(FOLLOW_CODE, FOLLOW_FROM, FOLLOW_TO, FOLLOW_DATE, FOLLOW_CHECK)
VALUES(FOL_SEQ.NEXTVAL, 'user10', 'user14', SYSTIMESTAMP, '1');
INSERT INTO FOLLOW(FOLLOW_CODE, FOLLOW_FROM, FOLLOW_TO, FOLLOW_DATE, FOLLOW_CHECK)
VALUES(FOL_SEQ.NEXTVAL, 'user14', 'user10', SYSTIMESTAMP, '1');

INSERT INTO FOLLOW(FOLLOW_CODE, FOLLOW_FROM, FOLLOW_TO, FOLLOW_DATE, FOLLOW_CHECK)
VALUES(FOL_SEQ.NEXTVAL, 'user10', 'user15', SYSTIMESTAMP, '1');
INSERT INTO FOLLOW(FOLLOW_CODE, FOLLOW_FROM, FOLLOW_TO, FOLLOW_DATE, FOLLOW_CHECK)
VALUES(FOL_SEQ.NEXTVAL, 'user15', 'user10', SYSTIMESTAMP, '1');

INSERT INTO FOLLOW(FOLLOW_CODE, FOLLOW_FROM, FOLLOW_TO, FOLLOW_DATE, FOLLOW_CHECK)
VALUES(FOL_SEQ.NEXTVAL, 'user10', 'user16', SYSTIMESTAMP, '1');
INSERT INTO FOLLOW(FOLLOW_CODE, FOLLOW_FROM, FOLLOW_TO, FOLLOW_DATE, FOLLOW_CHECK)
VALUES(FOL_SEQ.NEXTVAL, 'user16', 'user10', SYSTIMESTAMP, '1');

INSERT INTO FOLLOW(FOLLOW_CODE, FOLLOW_FROM, FOLLOW_TO, FOLLOW_DATE, FOLLOW_CHECK)
VALUES(FOL_SEQ.NEXTVAL, 'user10', 'user17', SYSTIMESTAMP, '1');
INSERT INTO FOLLOW(FOLLOW_CODE, FOLLOW_FROM, FOLLOW_TO, FOLLOW_DATE, FOLLOW_CHECK)
VALUES(FOL_SEQ.NEXTVAL, 'user17', 'user10', SYSTIMESTAMP, '1');

INSERT INTO FOLLOW(FOLLOW_CODE, FOLLOW_FROM, FOLLOW_TO, FOLLOW_DATE, FOLLOW_CHECK)
VALUES(FOL_SEQ.NEXTVAL, 'user10', 'user18', SYSTIMESTAMP, '1');
INSERT INTO FOLLOW(FOLLOW_CODE, FOLLOW_FROM, FOLLOW_TO, FOLLOW_DATE, FOLLOW_CHECK)
VALUES(FOL_SEQ.NEXTVAL, 'user18', 'user10', SYSTIMESTAMP, '1');

INSERT INTO FOLLOW(FOLLOW_CODE, FOLLOW_FROM, FOLLOW_TO, FOLLOW_DATE, FOLLOW_CHECK)
VALUES(FOL_SEQ.NEXTVAL, 'user10', 'user19', SYSTIMESTAMP, '1');
INSERT INTO FOLLOW(FOLLOW_CODE, FOLLOW_FROM, FOLLOW_TO, FOLLOW_DATE, FOLLOW_CHECK)
VALUES(FOL_SEQ.NEXTVAL, 'user19', 'user10', SYSTIMESTAMP, '1');

INSERT INTO FOLLOW(FOLLOW_CODE, FOLLOW_FROM, FOLLOW_TO, FOLLOW_DATE, FOLLOW_CHECK)
VALUES(FOL_SEQ.NEXTVAL, 'user10', 'user20', SYSTIMESTAMP, '1');
INSERT INTO FOLLOW(FOLLOW_CODE, FOLLOW_FROM, FOLLOW_TO, FOLLOW_DATE, FOLLOW_CHECK)
VALUES(FOL_SEQ.NEXTVAL, 'user20', 'user10', SYSTIMESTAMP, '1');

INSERT INTO FOLLOW(FOLLOW_CODE, FOLLOW_FROM, FOLLOW_TO, FOLLOW_DATE, FOLLOW_CHECK)
VALUES(FOL_SEQ.NEXTVAL, 'user10', 'gudwns', SYSTIMESTAMP, '1');
INSERT INTO FOLLOW(FOLLOW_CODE, FOLLOW_FROM, FOLLOW_TO, FOLLOW_DATE, FOLLOW_CHECK)
VALUES(FOL_SEQ.NEXTVAL, 'gudwns', 'user10', SYSTIMESTAMP, '1');

INSERT INTO FOLLOW(FOLLOW_CODE, FOLLOW_FROM, FOLLOW_TO, FOLLOW_DATE, FOLLOW_CHECK)
VALUES(FOL_SEQ.NEXTVAL, 'user10', 'rbehd', SYSTIMESTAMP, '1');
INSERT INTO FOLLOW(FOLLOW_CODE, FOLLOW_FROM, FOLLOW_TO, FOLLOW_DATE, FOLLOW_CHECK)
VALUES(FOL_SEQ.NEXTVAL, 'rbehd', 'user10', SYSTIMESTAMP, '1');

INSERT INTO FOLLOW(FOLLOW_CODE, FOLLOW_FROM, FOLLOW_TO, FOLLOW_DATE, FOLLOW_CHECK)
VALUES(FOL_SEQ.NEXTVAL, 'user10', 'gkdbs', SYSTIMESTAMP, '1');
INSERT INTO FOLLOW(FOLLOW_CODE, FOLLOW_FROM, FOLLOW_TO, FOLLOW_DATE, FOLLOW_CHECK)
VALUES(FOL_SEQ.NEXTVAL, 'gkdbs', 'user10', SYSTIMESTAMP, '1');

INSERT INTO FOLLOW(FOLLOW_CODE, FOLLOW_FROM, FOLLOW_TO, FOLLOW_DATE, FOLLOW_CHECK)
VALUES(FOL_SEQ.NEXTVAL, 'user10', 'tjdud', SYSTIMESTAMP, '1');
INSERT INTO FOLLOW(FOLLOW_CODE, FOLLOW_FROM, FOLLOW_TO, FOLLOW_DATE, FOLLOW_CHECK)
VALUES(FOL_SEQ.NEXTVAL, 'tjdud', 'user10', SYSTIMESTAMP, '1');

INSERT INTO FOLLOW(FOLLOW_CODE, FOLLOW_FROM, FOLLOW_TO, FOLLOW_DATE, FOLLOW_CHECK)
VALUES(FOL_SEQ.NEXTVAL, 'user10', 'dusdn', SYSTIMESTAMP, '1');
INSERT INTO FOLLOW(FOLLOW_CODE, FOLLOW_FROM, FOLLOW_TO, FOLLOW_DATE, FOLLOW_CHECK)
VALUES(FOL_SEQ.NEXTVAL, 'dusdn', 'user10', SYSTIMESTAMP, '1');

---------------------------------------------------------------------------------

INSERT INTO FOLLOW(FOLLOW_CODE, FOLLOW_FROM, FOLLOW_TO, FOLLOW_DATE, FOLLOW_CHECK)
VALUES(FOL_SEQ.NEXTVAL, 'user11', 'user12', SYSTIMESTAMP, '1');
INSERT INTO FOLLOW(FOLLOW_CODE, FOLLOW_FROM, FOLLOW_TO, FOLLOW_DATE, FOLLOW_CHECK)
VALUES(FOL_SEQ.NEXTVAL, 'user12', 'user11', SYSTIMESTAMP, '1');

INSERT INTO FOLLOW(FOLLOW_CODE, FOLLOW_FROM, FOLLOW_TO, FOLLOW_DATE, FOLLOW_CHECK)
VALUES(FOL_SEQ.NEXTVAL, 'user11', 'user13', SYSTIMESTAMP, '1');
INSERT INTO FOLLOW(FOLLOW_CODE, FOLLOW_FROM, FOLLOW_TO, FOLLOW_DATE, FOLLOW_CHECK)
VALUES(FOL_SEQ.NEXTVAL, 'user13', 'user11', SYSTIMESTAMP, '1');

INSERT INTO FOLLOW(FOLLOW_CODE, FOLLOW_FROM, FOLLOW_TO, FOLLOW_DATE, FOLLOW_CHECK)
VALUES(FOL_SEQ.NEXTVAL, 'user11', 'user14', SYSTIMESTAMP, '1');
INSERT INTO FOLLOW(FOLLOW_CODE, FOLLOW_FROM, FOLLOW_TO, FOLLOW_DATE, FOLLOW_CHECK)
VALUES(FOL_SEQ.NEXTVAL, 'user14', 'user11', SYSTIMESTAMP, '1');

INSERT INTO FOLLOW(FOLLOW_CODE, FOLLOW_FROM, FOLLOW_TO, FOLLOW_DATE, FOLLOW_CHECK)
VALUES(FOL_SEQ.NEXTVAL, 'user11', 'user15', SYSTIMESTAMP, '1');
INSERT INTO FOLLOW(FOLLOW_CODE, FOLLOW_FROM, FOLLOW_TO, FOLLOW_DATE, FOLLOW_CHECK)
VALUES(FOL_SEQ.NEXTVAL, 'user15', 'user11', SYSTIMESTAMP, '1');

INSERT INTO FOLLOW(FOLLOW_CODE, FOLLOW_FROM, FOLLOW_TO, FOLLOW_DATE, FOLLOW_CHECK)
VALUES(FOL_SEQ.NEXTVAL, 'user11', 'user16', SYSTIMESTAMP, '1');
INSERT INTO FOLLOW(FOLLOW_CODE, FOLLOW_FROM, FOLLOW_TO, FOLLOW_DATE, FOLLOW_CHECK)
VALUES(FOL_SEQ.NEXTVAL, 'user16', 'user11', SYSTIMESTAMP, '1');

INSERT INTO FOLLOW(FOLLOW_CODE, FOLLOW_FROM, FOLLOW_TO, FOLLOW_DATE, FOLLOW_CHECK)
VALUES(FOL_SEQ.NEXTVAL, 'user11', 'user17', SYSTIMESTAMP, '1');
INSERT INTO FOLLOW(FOLLOW_CODE, FOLLOW_FROM, FOLLOW_TO, FOLLOW_DATE, FOLLOW_CHECK)
VALUES(FOL_SEQ.NEXTVAL, 'user17', 'user11', SYSTIMESTAMP, '1');

INSERT INTO FOLLOW(FOLLOW_CODE, FOLLOW_FROM, FOLLOW_TO, FOLLOW_DATE, FOLLOW_CHECK)
VALUES(FOL_SEQ.NEXTVAL, 'user11', 'user18', SYSTIMESTAMP, '1');
INSERT INTO FOLLOW(FOLLOW_CODE, FOLLOW_FROM, FOLLOW_TO, FOLLOW_DATE, FOLLOW_CHECK)
VALUES(FOL_SEQ.NEXTVAL, 'user18', 'user11', SYSTIMESTAMP, '1');

INSERT INTO FOLLOW(FOLLOW_CODE, FOLLOW_FROM, FOLLOW_TO, FOLLOW_DATE, FOLLOW_CHECK)
VALUES(FOL_SEQ.NEXTVAL, 'user11', 'user19', SYSTIMESTAMP, '1');
INSERT INTO FOLLOW(FOLLOW_CODE, FOLLOW_FROM, FOLLOW_TO, FOLLOW_DATE, FOLLOW_CHECK)
VALUES(FOL_SEQ.NEXTVAL, 'user19', 'user11', SYSTIMESTAMP, '1');

INSERT INTO FOLLOW(FOLLOW_CODE, FOLLOW_FROM, FOLLOW_TO, FOLLOW_DATE, FOLLOW_CHECK)
VALUES(FOL_SEQ.NEXTVAL, 'user11', 'user20', SYSTIMESTAMP, '1');
INSERT INTO FOLLOW(FOLLOW_CODE, FOLLOW_FROM, FOLLOW_TO, FOLLOW_DATE, FOLLOW_CHECK)
VALUES(FOL_SEQ.NEXTVAL, 'user20', 'user11', SYSTIMESTAMP, '1');

INSERT INTO FOLLOW(FOLLOW_CODE, FOLLOW_FROM, FOLLOW_TO, FOLLOW_DATE, FOLLOW_CHECK)
VALUES(FOL_SEQ.NEXTVAL, 'user11', 'gudwns', SYSTIMESTAMP, '1');
INSERT INTO FOLLOW(FOLLOW_CODE, FOLLOW_FROM, FOLLOW_TO, FOLLOW_DATE, FOLLOW_CHECK)
VALUES(FOL_SEQ.NEXTVAL, 'gudwns', 'user11', SYSTIMESTAMP, '1');

INSERT INTO FOLLOW(FOLLOW_CODE, FOLLOW_FROM, FOLLOW_TO, FOLLOW_DATE, FOLLOW_CHECK)
VALUES(FOL_SEQ.NEXTVAL, 'user11', 'rbehd', SYSTIMESTAMP, '1');
INSERT INTO FOLLOW(FOLLOW_CODE, FOLLOW_FROM, FOLLOW_TO, FOLLOW_DATE, FOLLOW_CHECK)
VALUES(FOL_SEQ.NEXTVAL, 'rbehd', 'user11', SYSTIMESTAMP, '1');

INSERT INTO FOLLOW(FOLLOW_CODE, FOLLOW_FROM, FOLLOW_TO, FOLLOW_DATE, FOLLOW_CHECK)
VALUES(FOL_SEQ.NEXTVAL, 'user11', 'gkdbs', SYSTIMESTAMP, '1');
INSERT INTO FOLLOW(FOLLOW_CODE, FOLLOW_FROM, FOLLOW_TO, FOLLOW_DATE, FOLLOW_CHECK)
VALUES(FOL_SEQ.NEXTVAL, 'gkdbs', 'user11', SYSTIMESTAMP, '1');

INSERT INTO FOLLOW(FOLLOW_CODE, FOLLOW_FROM, FOLLOW_TO, FOLLOW_DATE, FOLLOW_CHECK)
VALUES(FOL_SEQ.NEXTVAL, 'user11', 'tjdud', SYSTIMESTAMP, '1');
INSERT INTO FOLLOW(FOLLOW_CODE, FOLLOW_FROM, FOLLOW_TO, FOLLOW_DATE, FOLLOW_CHECK)
VALUES(FOL_SEQ.NEXTVAL, 'tjdud', 'user11', SYSTIMESTAMP, '1');

INSERT INTO FOLLOW(FOLLOW_CODE, FOLLOW_FROM, FOLLOW_TO, FOLLOW_DATE, FOLLOW_CHECK)
VALUES(FOL_SEQ.NEXTVAL, 'user11', 'dusdn', SYSTIMESTAMP, '1');
INSERT INTO FOLLOW(FOLLOW_CODE, FOLLOW_FROM, FOLLOW_TO, FOLLOW_DATE, FOLLOW_CHECK)
VALUES(FOL_SEQ.NEXTVAL, 'dusdn', 'user11', SYSTIMESTAMP, '1');

---------------------------------------------------------------------------------

INSERT INTO FOLLOW(FOLLOW_CODE, FOLLOW_FROM, FOLLOW_TO, FOLLOW_DATE, FOLLOW_CHECK)
VALUES(FOL_SEQ.NEXTVAL, 'user12', 'user13', SYSTIMESTAMP, '1');
INSERT INTO FOLLOW(FOLLOW_CODE, FOLLOW_FROM, FOLLOW_TO, FOLLOW_DATE, FOLLOW_CHECK)
VALUES(FOL_SEQ.NEXTVAL, 'user13', 'user12', SYSTIMESTAMP, '1');

INSERT INTO FOLLOW(FOLLOW_CODE, FOLLOW_FROM, FOLLOW_TO, FOLLOW_DATE, FOLLOW_CHECK)
VALUES(FOL_SEQ.NEXTVAL, 'user12', 'user14', SYSTIMESTAMP, '1');
INSERT INTO FOLLOW(FOLLOW_CODE, FOLLOW_FROM, FOLLOW_TO, FOLLOW_DATE, FOLLOW_CHECK)
VALUES(FOL_SEQ.NEXTVAL, 'user14', 'user12', SYSTIMESTAMP, '1');

INSERT INTO FOLLOW(FOLLOW_CODE, FOLLOW_FROM, FOLLOW_TO, FOLLOW_DATE, FOLLOW_CHECK)
VALUES(FOL_SEQ.NEXTVAL, 'user12', 'user15', SYSTIMESTAMP, '1');
INSERT INTO FOLLOW(FOLLOW_CODE, FOLLOW_FROM, FOLLOW_TO, FOLLOW_DATE, FOLLOW_CHECK)
VALUES(FOL_SEQ.NEXTVAL, 'user15', 'user12', SYSTIMESTAMP, '1');

INSERT INTO FOLLOW(FOLLOW_CODE, FOLLOW_FROM, FOLLOW_TO, FOLLOW_DATE, FOLLOW_CHECK)
VALUES(FOL_SEQ.NEXTVAL, 'user12', 'user16', SYSTIMESTAMP, '1');
INSERT INTO FOLLOW(FOLLOW_CODE, FOLLOW_FROM, FOLLOW_TO, FOLLOW_DATE, FOLLOW_CHECK)
VALUES(FOL_SEQ.NEXTVAL, 'user16', 'user12', SYSTIMESTAMP, '1');

INSERT INTO FOLLOW(FOLLOW_CODE, FOLLOW_FROM, FOLLOW_TO, FOLLOW_DATE, FOLLOW_CHECK)
VALUES(FOL_SEQ.NEXTVAL, 'user12', 'user17', SYSTIMESTAMP, '1');
INSERT INTO FOLLOW(FOLLOW_CODE, FOLLOW_FROM, FOLLOW_TO, FOLLOW_DATE, FOLLOW_CHECK)
VALUES(FOL_SEQ.NEXTVAL, 'user17', 'user12', SYSTIMESTAMP, '1');

INSERT INTO FOLLOW(FOLLOW_CODE, FOLLOW_FROM, FOLLOW_TO, FOLLOW_DATE, FOLLOW_CHECK)
VALUES(FOL_SEQ.NEXTVAL, 'user12', 'user18', SYSTIMESTAMP, '1');
INSERT INTO FOLLOW(FOLLOW_CODE, FOLLOW_FROM, FOLLOW_TO, FOLLOW_DATE, FOLLOW_CHECK)
VALUES(FOL_SEQ.NEXTVAL, 'user18', 'user12', SYSTIMESTAMP, '1');

INSERT INTO FOLLOW(FOLLOW_CODE, FOLLOW_FROM, FOLLOW_TO, FOLLOW_DATE, FOLLOW_CHECK)
VALUES(FOL_SEQ.NEXTVAL, 'user12', 'user19', SYSTIMESTAMP, '1');
INSERT INTO FOLLOW(FOLLOW_CODE, FOLLOW_FROM, FOLLOW_TO, FOLLOW_DATE, FOLLOW_CHECK)
VALUES(FOL_SEQ.NEXTVAL, 'user19', 'user12', SYSTIMESTAMP, '1');

INSERT INTO FOLLOW(FOLLOW_CODE, FOLLOW_FROM, FOLLOW_TO, FOLLOW_DATE, FOLLOW_CHECK)
VALUES(FOL_SEQ.NEXTVAL, 'user12', 'user20', SYSTIMESTAMP, '1');
INSERT INTO FOLLOW(FOLLOW_CODE, FOLLOW_FROM, FOLLOW_TO, FOLLOW_DATE, FOLLOW_CHECK)
VALUES(FOL_SEQ.NEXTVAL, 'user20', 'user12', SYSTIMESTAMP, '1');

INSERT INTO FOLLOW(FOLLOW_CODE, FOLLOW_FROM, FOLLOW_TO, FOLLOW_DATE, FOLLOW_CHECK)
VALUES(FOL_SEQ.NEXTVAL, 'user12', 'gudwns', SYSTIMESTAMP, '1');
INSERT INTO FOLLOW(FOLLOW_CODE, FOLLOW_FROM, FOLLOW_TO, FOLLOW_DATE, FOLLOW_CHECK)
VALUES(FOL_SEQ.NEXTVAL, 'gudwns', 'user12', SYSTIMESTAMP, '1');

INSERT INTO FOLLOW(FOLLOW_CODE, FOLLOW_FROM, FOLLOW_TO, FOLLOW_DATE, FOLLOW_CHECK)
VALUES(FOL_SEQ.NEXTVAL, 'user12', 'rbehd', SYSTIMESTAMP, '1');
INSERT INTO FOLLOW(FOLLOW_CODE, FOLLOW_FROM, FOLLOW_TO, FOLLOW_DATE, FOLLOW_CHECK)
VALUES(FOL_SEQ.NEXTVAL, 'rbehd', 'user12', SYSTIMESTAMP, '1');

INSERT INTO FOLLOW(FOLLOW_CODE, FOLLOW_FROM, FOLLOW_TO, FOLLOW_DATE, FOLLOW_CHECK)
VALUES(FOL_SEQ.NEXTVAL, 'user12', 'gkdbs', SYSTIMESTAMP, '1');
INSERT INTO FOLLOW(FOLLOW_CODE, FOLLOW_FROM, FOLLOW_TO, FOLLOW_DATE, FOLLOW_CHECK)
VALUES(FOL_SEQ.NEXTVAL, 'gkdbs', 'user12', SYSTIMESTAMP, '1');

INSERT INTO FOLLOW(FOLLOW_CODE, FOLLOW_FROM, FOLLOW_TO, FOLLOW_DATE, FOLLOW_CHECK)
VALUES(FOL_SEQ.NEXTVAL, 'user12', 'tjdud', SYSTIMESTAMP, '1');
INSERT INTO FOLLOW(FOLLOW_CODE, FOLLOW_FROM, FOLLOW_TO, FOLLOW_DATE, FOLLOW_CHECK)
VALUES(FOL_SEQ.NEXTVAL, 'tjdud', 'user12', SYSTIMESTAMP, '1');

INSERT INTO FOLLOW(FOLLOW_CODE, FOLLOW_FROM, FOLLOW_TO, FOLLOW_DATE, FOLLOW_CHECK)
VALUES(FOL_SEQ.NEXTVAL, 'user12', 'dusdn', SYSTIMESTAMP, '1');
INSERT INTO FOLLOW(FOLLOW_CODE, FOLLOW_FROM, FOLLOW_TO, FOLLOW_DATE, FOLLOW_CHECK)
VALUES(FOL_SEQ.NEXTVAL, 'dusdn', 'user12', SYSTIMESTAMP, '1');

---------------------------------------------------------------------------------

INSERT INTO FOLLOW(FOLLOW_CODE, FOLLOW_FROM, FOLLOW_TO, FOLLOW_DATE, FOLLOW_CHECK)
VALUES(FOL_SEQ.NEXTVAL, 'user13', 'user14', SYSTIMESTAMP, '1');
INSERT INTO FOLLOW(FOLLOW_CODE, FOLLOW_FROM, FOLLOW_TO, FOLLOW_DATE, FOLLOW_CHECK)
VALUES(FOL_SEQ.NEXTVAL, 'user14', 'user13', SYSTIMESTAMP, '1');

INSERT INTO FOLLOW(FOLLOW_CODE, FOLLOW_FROM, FOLLOW_TO, FOLLOW_DATE, FOLLOW_CHECK)
VALUES(FOL_SEQ.NEXTVAL, 'user13', 'user15', SYSTIMESTAMP, '1');
INSERT INTO FOLLOW(FOLLOW_CODE, FOLLOW_FROM, FOLLOW_TO, FOLLOW_DATE, FOLLOW_CHECK)
VALUES(FOL_SEQ.NEXTVAL, 'user15', 'user13', SYSTIMESTAMP, '1');

INSERT INTO FOLLOW(FOLLOW_CODE, FOLLOW_FROM, FOLLOW_TO, FOLLOW_DATE, FOLLOW_CHECK)
VALUES(FOL_SEQ.NEXTVAL, 'user13', 'user16', SYSTIMESTAMP, '1');
INSERT INTO FOLLOW(FOLLOW_CODE, FOLLOW_FROM, FOLLOW_TO, FOLLOW_DATE, FOLLOW_CHECK)
VALUES(FOL_SEQ.NEXTVAL, 'user16', 'user13', SYSTIMESTAMP, '1');

INSERT INTO FOLLOW(FOLLOW_CODE, FOLLOW_FROM, FOLLOW_TO, FOLLOW_DATE, FOLLOW_CHECK)
VALUES(FOL_SEQ.NEXTVAL, 'user13', 'user17', SYSTIMESTAMP, '1');
INSERT INTO FOLLOW(FOLLOW_CODE, FOLLOW_FROM, FOLLOW_TO, FOLLOW_DATE, FOLLOW_CHECK)
VALUES(FOL_SEQ.NEXTVAL, 'user17', 'user13', SYSTIMESTAMP, '1');

INSERT INTO FOLLOW(FOLLOW_CODE, FOLLOW_FROM, FOLLOW_TO, FOLLOW_DATE, FOLLOW_CHECK)
VALUES(FOL_SEQ.NEXTVAL, 'user13', 'user18', SYSTIMESTAMP, '1');
INSERT INTO FOLLOW(FOLLOW_CODE, FOLLOW_FROM, FOLLOW_TO, FOLLOW_DATE, FOLLOW_CHECK)
VALUES(FOL_SEQ.NEXTVAL, 'user18', 'user13', SYSTIMESTAMP, '1');

INSERT INTO FOLLOW(FOLLOW_CODE, FOLLOW_FROM, FOLLOW_TO, FOLLOW_DATE, FOLLOW_CHECK)
VALUES(FOL_SEQ.NEXTVAL, 'user13', 'user19', SYSTIMESTAMP, '1');
INSERT INTO FOLLOW(FOLLOW_CODE, FOLLOW_FROM, FOLLOW_TO, FOLLOW_DATE, FOLLOW_CHECK)
VALUES(FOL_SEQ.NEXTVAL, 'user19', 'user13', SYSTIMESTAMP, '1');

INSERT INTO FOLLOW(FOLLOW_CODE, FOLLOW_FROM, FOLLOW_TO, FOLLOW_DATE, FOLLOW_CHECK)
VALUES(FOL_SEQ.NEXTVAL, 'user13', 'user20', SYSTIMESTAMP, '1');
INSERT INTO FOLLOW(FOLLOW_CODE, FOLLOW_FROM, FOLLOW_TO, FOLLOW_DATE, FOLLOW_CHECK)
VALUES(FOL_SEQ.NEXTVAL, 'user20', 'user13', SYSTIMESTAMP, '1');

INSERT INTO FOLLOW(FOLLOW_CODE, FOLLOW_FROM, FOLLOW_TO, FOLLOW_DATE, FOLLOW_CHECK)
VALUES(FOL_SEQ.NEXTVAL, 'user13', 'gudwns', SYSTIMESTAMP, '1');
INSERT INTO FOLLOW(FOLLOW_CODE, FOLLOW_FROM, FOLLOW_TO, FOLLOW_DATE, FOLLOW_CHECK)
VALUES(FOL_SEQ.NEXTVAL, 'gudwns', 'user13', SYSTIMESTAMP, '1');

INSERT INTO FOLLOW(FOLLOW_CODE, FOLLOW_FROM, FOLLOW_TO, FOLLOW_DATE, FOLLOW_CHECK)
VALUES(FOL_SEQ.NEXTVAL, 'user13', 'rbehd', SYSTIMESTAMP, '1');
INSERT INTO FOLLOW(FOLLOW_CODE, FOLLOW_FROM, FOLLOW_TO, FOLLOW_DATE, FOLLOW_CHECK)
VALUES(FOL_SEQ.NEXTVAL, 'rbehd', 'user13', SYSTIMESTAMP, '1');

INSERT INTO FOLLOW(FOLLOW_CODE, FOLLOW_FROM, FOLLOW_TO, FOLLOW_DATE, FOLLOW_CHECK)
VALUES(FOL_SEQ.NEXTVAL, 'user13', 'gkdbs', SYSTIMESTAMP, '1');
INSERT INTO FOLLOW(FOLLOW_CODE, FOLLOW_FROM, FOLLOW_TO, FOLLOW_DATE, FOLLOW_CHECK)
VALUES(FOL_SEQ.NEXTVAL, 'gkdbs', 'user13', SYSTIMESTAMP, '1');

INSERT INTO FOLLOW(FOLLOW_CODE, FOLLOW_FROM, FOLLOW_TO, FOLLOW_DATE, FOLLOW_CHECK)
VALUES(FOL_SEQ.NEXTVAL, 'user13', 'tjdud', SYSTIMESTAMP, '1');
INSERT INTO FOLLOW(FOLLOW_CODE, FOLLOW_FROM, FOLLOW_TO, FOLLOW_DATE, FOLLOW_CHECK)
VALUES(FOL_SEQ.NEXTVAL, 'tjdud', 'user13', SYSTIMESTAMP, '1');

INSERT INTO FOLLOW(FOLLOW_CODE, FOLLOW_FROM, FOLLOW_TO, FOLLOW_DATE, FOLLOW_CHECK)
VALUES(FOL_SEQ.NEXTVAL, 'user13', 'dusdn', SYSTIMESTAMP, '1');
INSERT INTO FOLLOW(FOLLOW_CODE, FOLLOW_FROM, FOLLOW_TO, FOLLOW_DATE, FOLLOW_CHECK)
VALUES(FOL_SEQ.NEXTVAL, 'dusdn', 'user13', SYSTIMESTAMP, '1');

---------------------------------------------------------------------------------

INSERT INTO FOLLOW(FOLLOW_CODE, FOLLOW_FROM, FOLLOW_TO, FOLLOW_DATE, FOLLOW_CHECK)
VALUES(FOL_SEQ.NEXTVAL, 'user14', 'user15', SYSTIMESTAMP, '1');
INSERT INTO FOLLOW(FOLLOW_CODE, FOLLOW_FROM, FOLLOW_TO, FOLLOW_DATE, FOLLOW_CHECK)
VALUES(FOL_SEQ.NEXTVAL, 'user15', 'user14', SYSTIMESTAMP, '1');

INSERT INTO FOLLOW(FOLLOW_CODE, FOLLOW_FROM, FOLLOW_TO, FOLLOW_DATE, FOLLOW_CHECK)
VALUES(FOL_SEQ.NEXTVAL, 'user14', 'user16', SYSTIMESTAMP, '1');
INSERT INTO FOLLOW(FOLLOW_CODE, FOLLOW_FROM, FOLLOW_TO, FOLLOW_DATE, FOLLOW_CHECK)
VALUES(FOL_SEQ.NEXTVAL, 'user16', 'user14', SYSTIMESTAMP, '1');

INSERT INTO FOLLOW(FOLLOW_CODE, FOLLOW_FROM, FOLLOW_TO, FOLLOW_DATE, FOLLOW_CHECK)
VALUES(FOL_SEQ.NEXTVAL, 'user14', 'user17', SYSTIMESTAMP, '1');
INSERT INTO FOLLOW(FOLLOW_CODE, FOLLOW_FROM, FOLLOW_TO, FOLLOW_DATE, FOLLOW_CHECK)
VALUES(FOL_SEQ.NEXTVAL, 'user17', 'user14', SYSTIMESTAMP, '1');

INSERT INTO FOLLOW(FOLLOW_CODE, FOLLOW_FROM, FOLLOW_TO, FOLLOW_DATE, FOLLOW_CHECK)
VALUES(FOL_SEQ.NEXTVAL, 'user14', 'user18', SYSTIMESTAMP, '1');
INSERT INTO FOLLOW(FOLLOW_CODE, FOLLOW_FROM, FOLLOW_TO, FOLLOW_DATE, FOLLOW_CHECK)
VALUES(FOL_SEQ.NEXTVAL, 'user18', 'user14', SYSTIMESTAMP, '1');

INSERT INTO FOLLOW(FOLLOW_CODE, FOLLOW_FROM, FOLLOW_TO, FOLLOW_DATE, FOLLOW_CHECK)
VALUES(FOL_SEQ.NEXTVAL, 'user14', 'user19', SYSTIMESTAMP, '1');
INSERT INTO FOLLOW(FOLLOW_CODE, FOLLOW_FROM, FOLLOW_TO, FOLLOW_DATE, FOLLOW_CHECK)
VALUES(FOL_SEQ.NEXTVAL, 'user19', 'user14', SYSTIMESTAMP, '1');

INSERT INTO FOLLOW(FOLLOW_CODE, FOLLOW_FROM, FOLLOW_TO, FOLLOW_DATE, FOLLOW_CHECK)
VALUES(FOL_SEQ.NEXTVAL, 'user14', 'user20', SYSTIMESTAMP, '1');
INSERT INTO FOLLOW(FOLLOW_CODE, FOLLOW_FROM, FOLLOW_TO, FOLLOW_DATE, FOLLOW_CHECK)
VALUES(FOL_SEQ.NEXTVAL, 'user20', 'user14', SYSTIMESTAMP, '1');

INSERT INTO FOLLOW(FOLLOW_CODE, FOLLOW_FROM, FOLLOW_TO, FOLLOW_DATE, FOLLOW_CHECK)
VALUES(FOL_SEQ.NEXTVAL, 'user14', 'gudwns', SYSTIMESTAMP, '1');
INSERT INTO FOLLOW(FOLLOW_CODE, FOLLOW_FROM, FOLLOW_TO, FOLLOW_DATE, FOLLOW_CHECK)
VALUES(FOL_SEQ.NEXTVAL, 'gudwns', 'user14', SYSTIMESTAMP, '1');

INSERT INTO FOLLOW(FOLLOW_CODE, FOLLOW_FROM, FOLLOW_TO, FOLLOW_DATE, FOLLOW_CHECK)
VALUES(FOL_SEQ.NEXTVAL, 'user14', 'rbehd', SYSTIMESTAMP, '1');
INSERT INTO FOLLOW(FOLLOW_CODE, FOLLOW_FROM, FOLLOW_TO, FOLLOW_DATE, FOLLOW_CHECK)
VALUES(FOL_SEQ.NEXTVAL, 'rbehd', 'user14', SYSTIMESTAMP, '1');

INSERT INTO FOLLOW(FOLLOW_CODE, FOLLOW_FROM, FOLLOW_TO, FOLLOW_DATE, FOLLOW_CHECK)
VALUES(FOL_SEQ.NEXTVAL, 'user14', 'gkdbs', SYSTIMESTAMP, '1');
INSERT INTO FOLLOW(FOLLOW_CODE, FOLLOW_FROM, FOLLOW_TO, FOLLOW_DATE, FOLLOW_CHECK)
VALUES(FOL_SEQ.NEXTVAL, 'gkdbs', 'user14', SYSTIMESTAMP, '1');

INSERT INTO FOLLOW(FOLLOW_CODE, FOLLOW_FROM, FOLLOW_TO, FOLLOW_DATE, FOLLOW_CHECK)
VALUES(FOL_SEQ.NEXTVAL, 'user14', 'tjdud', SYSTIMESTAMP, '1');
INSERT INTO FOLLOW(FOLLOW_CODE, FOLLOW_FROM, FOLLOW_TO, FOLLOW_DATE, FOLLOW_CHECK)
VALUES(FOL_SEQ.NEXTVAL, 'tjdud', 'user14', SYSTIMESTAMP, '1');

INSERT INTO FOLLOW(FOLLOW_CODE, FOLLOW_FROM, FOLLOW_TO, FOLLOW_DATE, FOLLOW_CHECK)
VALUES(FOL_SEQ.NEXTVAL, 'user14', 'dusdn', SYSTIMESTAMP, '1');
INSERT INTO FOLLOW(FOLLOW_CODE, FOLLOW_FROM, FOLLOW_TO, FOLLOW_DATE, FOLLOW_CHECK)
VALUES(FOL_SEQ.NEXTVAL, 'dusdn', 'user14', SYSTIMESTAMP, '1');

---------------------------------------------------------------------------------

INSERT INTO FOLLOW(FOLLOW_CODE, FOLLOW_FROM, FOLLOW_TO, FOLLOW_DATE, FOLLOW_CHECK)
VALUES(FOL_SEQ.NEXTVAL, 'user15', 'user16', SYSTIMESTAMP, '1');
INSERT INTO FOLLOW(FOLLOW_CODE, FOLLOW_FROM, FOLLOW_TO, FOLLOW_DATE, FOLLOW_CHECK)
VALUES(FOL_SEQ.NEXTVAL, 'user16', 'user15', SYSTIMESTAMP, '1');

INSERT INTO FOLLOW(FOLLOW_CODE, FOLLOW_FROM, FOLLOW_TO, FOLLOW_DATE, FOLLOW_CHECK)
VALUES(FOL_SEQ.NEXTVAL, 'user15', 'user17', SYSTIMESTAMP, '1');
INSERT INTO FOLLOW(FOLLOW_CODE, FOLLOW_FROM, FOLLOW_TO, FOLLOW_DATE, FOLLOW_CHECK)
VALUES(FOL_SEQ.NEXTVAL, 'user17', 'user15', SYSTIMESTAMP, '1');

INSERT INTO FOLLOW(FOLLOW_CODE, FOLLOW_FROM, FOLLOW_TO, FOLLOW_DATE, FOLLOW_CHECK)
VALUES(FOL_SEQ.NEXTVAL, 'user15', 'user18', SYSTIMESTAMP, '1');
INSERT INTO FOLLOW(FOLLOW_CODE, FOLLOW_FROM, FOLLOW_TO, FOLLOW_DATE, FOLLOW_CHECK)
VALUES(FOL_SEQ.NEXTVAL, 'user18', 'user15', SYSTIMESTAMP, '1');

INSERT INTO FOLLOW(FOLLOW_CODE, FOLLOW_FROM, FOLLOW_TO, FOLLOW_DATE, FOLLOW_CHECK)
VALUES(FOL_SEQ.NEXTVAL, 'user15', 'user19', SYSTIMESTAMP, '1');
INSERT INTO FOLLOW(FOLLOW_CODE, FOLLOW_FROM, FOLLOW_TO, FOLLOW_DATE, FOLLOW_CHECK)
VALUES(FOL_SEQ.NEXTVAL, 'user19', 'user15', SYSTIMESTAMP, '1');

INSERT INTO FOLLOW(FOLLOW_CODE, FOLLOW_FROM, FOLLOW_TO, FOLLOW_DATE, FOLLOW_CHECK)
VALUES(FOL_SEQ.NEXTVAL, 'user15', 'user20', SYSTIMESTAMP, '1');
INSERT INTO FOLLOW(FOLLOW_CODE, FOLLOW_FROM, FOLLOW_TO, FOLLOW_DATE, FOLLOW_CHECK)
VALUES(FOL_SEQ.NEXTVAL, 'user20', 'user15', SYSTIMESTAMP, '1');

INSERT INTO FOLLOW(FOLLOW_CODE, FOLLOW_FROM, FOLLOW_TO, FOLLOW_DATE, FOLLOW_CHECK)
VALUES(FOL_SEQ.NEXTVAL, 'user15', 'gudwns', SYSTIMESTAMP, '1');
INSERT INTO FOLLOW(FOLLOW_CODE, FOLLOW_FROM, FOLLOW_TO, FOLLOW_DATE, FOLLOW_CHECK)
VALUES(FOL_SEQ.NEXTVAL, 'gudwns', 'user15', SYSTIMESTAMP, '1');

INSERT INTO FOLLOW(FOLLOW_CODE, FOLLOW_FROM, FOLLOW_TO, FOLLOW_DATE, FOLLOW_CHECK)
VALUES(FOL_SEQ.NEXTVAL, 'user15', 'rbehd', SYSTIMESTAMP, '1');
INSERT INTO FOLLOW(FOLLOW_CODE, FOLLOW_FROM, FOLLOW_TO, FOLLOW_DATE, FOLLOW_CHECK)
VALUES(FOL_SEQ.NEXTVAL, 'rbehd', 'user15', SYSTIMESTAMP, '1');

INSERT INTO FOLLOW(FOLLOW_CODE, FOLLOW_FROM, FOLLOW_TO, FOLLOW_DATE, FOLLOW_CHECK)
VALUES(FOL_SEQ.NEXTVAL, 'user15', 'gkdbs', SYSTIMESTAMP, '1');
INSERT INTO FOLLOW(FOLLOW_CODE, FOLLOW_FROM, FOLLOW_TO, FOLLOW_DATE, FOLLOW_CHECK)
VALUES(FOL_SEQ.NEXTVAL, 'gkdbs', 'user15', SYSTIMESTAMP, '1');

INSERT INTO FOLLOW(FOLLOW_CODE, FOLLOW_FROM, FOLLOW_TO, FOLLOW_DATE, FOLLOW_CHECK)
VALUES(FOL_SEQ.NEXTVAL, 'user15', 'tjdud', SYSTIMESTAMP, '1');
INSERT INTO FOLLOW(FOLLOW_CODE, FOLLOW_FROM, FOLLOW_TO, FOLLOW_DATE, FOLLOW_CHECK)
VALUES(FOL_SEQ.NEXTVAL, 'tjdud', 'user15', SYSTIMESTAMP, '1');

INSERT INTO FOLLOW(FOLLOW_CODE, FOLLOW_FROM, FOLLOW_TO, FOLLOW_DATE, FOLLOW_CHECK)
VALUES(FOL_SEQ.NEXTVAL, 'user15', 'dusdn', SYSTIMESTAMP, '1');
INSERT INTO FOLLOW(FOLLOW_CODE, FOLLOW_FROM, FOLLOW_TO, FOLLOW_DATE, FOLLOW_CHECK)
VALUES(FOL_SEQ.NEXTVAL, 'dusdn', 'user15', SYSTIMESTAMP, '1');

---------------------------------------------------------------------------------

INSERT INTO FOLLOW(FOLLOW_CODE, FOLLOW_FROM, FOLLOW_TO, FOLLOW_DATE, FOLLOW_CHECK)
VALUES(FOL_SEQ.NEXTVAL, 'user16', 'user17', SYSTIMESTAMP, '1');
INSERT INTO FOLLOW(FOLLOW_CODE, FOLLOW_FROM, FOLLOW_TO, FOLLOW_DATE, FOLLOW_CHECK)
VALUES(FOL_SEQ.NEXTVAL, 'user17', 'user16', SYSTIMESTAMP, '1');

INSERT INTO FOLLOW(FOLLOW_CODE, FOLLOW_FROM, FOLLOW_TO, FOLLOW_DATE, FOLLOW_CHECK)
VALUES(FOL_SEQ.NEXTVAL, 'user16', 'user18', SYSTIMESTAMP, '1');
INSERT INTO FOLLOW(FOLLOW_CODE, FOLLOW_FROM, FOLLOW_TO, FOLLOW_DATE, FOLLOW_CHECK)
VALUES(FOL_SEQ.NEXTVAL, 'user18', 'user16', SYSTIMESTAMP, '1');

INSERT INTO FOLLOW(FOLLOW_CODE, FOLLOW_FROM, FOLLOW_TO, FOLLOW_DATE, FOLLOW_CHECK)
VALUES(FOL_SEQ.NEXTVAL, 'user16', 'user19', SYSTIMESTAMP, '1');
INSERT INTO FOLLOW(FOLLOW_CODE, FOLLOW_FROM, FOLLOW_TO, FOLLOW_DATE, FOLLOW_CHECK)
VALUES(FOL_SEQ.NEXTVAL, 'user19', 'user16', SYSTIMESTAMP, '1');

INSERT INTO FOLLOW(FOLLOW_CODE, FOLLOW_FROM, FOLLOW_TO, FOLLOW_DATE, FOLLOW_CHECK)
VALUES(FOL_SEQ.NEXTVAL, 'user16', 'user20', SYSTIMESTAMP, '1');
INSERT INTO FOLLOW(FOLLOW_CODE, FOLLOW_FROM, FOLLOW_TO, FOLLOW_DATE, FOLLOW_CHECK)
VALUES(FOL_SEQ.NEXTVAL, 'user20', 'user16', SYSTIMESTAMP, '1');

INSERT INTO FOLLOW(FOLLOW_CODE, FOLLOW_FROM, FOLLOW_TO, FOLLOW_DATE, FOLLOW_CHECK)
VALUES(FOL_SEQ.NEXTVAL, 'user16', 'gudwns', SYSTIMESTAMP, '1');
INSERT INTO FOLLOW(FOLLOW_CODE, FOLLOW_FROM, FOLLOW_TO, FOLLOW_DATE, FOLLOW_CHECK)
VALUES(FOL_SEQ.NEXTVAL, 'gudwns', 'user16', SYSTIMESTAMP, '1');

INSERT INTO FOLLOW(FOLLOW_CODE, FOLLOW_FROM, FOLLOW_TO, FOLLOW_DATE, FOLLOW_CHECK)
VALUES(FOL_SEQ.NEXTVAL, 'user16', 'rbehd', SYSTIMESTAMP, '1');
INSERT INTO FOLLOW(FOLLOW_CODE, FOLLOW_FROM, FOLLOW_TO, FOLLOW_DATE, FOLLOW_CHECK)
VALUES(FOL_SEQ.NEXTVAL, 'rbehd', 'user16', SYSTIMESTAMP, '1');

INSERT INTO FOLLOW(FOLLOW_CODE, FOLLOW_FROM, FOLLOW_TO, FOLLOW_DATE, FOLLOW_CHECK)
VALUES(FOL_SEQ.NEXTVAL, 'user16', 'gkdbs', SYSTIMESTAMP, '1');
INSERT INTO FOLLOW(FOLLOW_CODE, FOLLOW_FROM, FOLLOW_TO, FOLLOW_DATE, FOLLOW_CHECK)
VALUES(FOL_SEQ.NEXTVAL, 'gkdbs', 'user16', SYSTIMESTAMP, '1');

INSERT INTO FOLLOW(FOLLOW_CODE, FOLLOW_FROM, FOLLOW_TO, FOLLOW_DATE, FOLLOW_CHECK)
VALUES(FOL_SEQ.NEXTVAL, 'user16', 'tjdud', SYSTIMESTAMP, '1');
INSERT INTO FOLLOW(FOLLOW_CODE, FOLLOW_FROM, FOLLOW_TO, FOLLOW_DATE, FOLLOW_CHECK)
VALUES(FOL_SEQ.NEXTVAL, 'tjdud', 'user16', SYSTIMESTAMP, '1');

INSERT INTO FOLLOW(FOLLOW_CODE, FOLLOW_FROM, FOLLOW_TO, FOLLOW_DATE, FOLLOW_CHECK)
VALUES(FOL_SEQ.NEXTVAL, 'user16', 'dusdn', SYSTIMESTAMP, '1');
INSERT INTO FOLLOW(FOLLOW_CODE, FOLLOW_FROM, FOLLOW_TO, FOLLOW_DATE, FOLLOW_CHECK)
VALUES(FOL_SEQ.NEXTVAL, 'dusdn', 'user16', SYSTIMESTAMP, '1');

---------------------------------------------------------------------------------

INSERT INTO FOLLOW(FOLLOW_CODE, FOLLOW_FROM, FOLLOW_TO, FOLLOW_DATE, FOLLOW_CHECK)
VALUES(FOL_SEQ.NEXTVAL, 'user17', 'user18', SYSTIMESTAMP, '1');
INSERT INTO FOLLOW(FOLLOW_CODE, FOLLOW_FROM, FOLLOW_TO, FOLLOW_DATE, FOLLOW_CHECK)
VALUES(FOL_SEQ.NEXTVAL, 'user18', 'user17', SYSTIMESTAMP, '1');

INSERT INTO FOLLOW(FOLLOW_CODE, FOLLOW_FROM, FOLLOW_TO, FOLLOW_DATE, FOLLOW_CHECK)
VALUES(FOL_SEQ.NEXTVAL, 'user17', 'user19', SYSTIMESTAMP, '1');
INSERT INTO FOLLOW(FOLLOW_CODE, FOLLOW_FROM, FOLLOW_TO, FOLLOW_DATE, FOLLOW_CHECK)
VALUES(FOL_SEQ.NEXTVAL, 'user19', 'user17', SYSTIMESTAMP, '1');

INSERT INTO FOLLOW(FOLLOW_CODE, FOLLOW_FROM, FOLLOW_TO, FOLLOW_DATE, FOLLOW_CHECK)
VALUES(FOL_SEQ.NEXTVAL, 'user17', 'user20', SYSTIMESTAMP, '1');
INSERT INTO FOLLOW(FOLLOW_CODE, FOLLOW_FROM, FOLLOW_TO, FOLLOW_DATE, FOLLOW_CHECK)
VALUES(FOL_SEQ.NEXTVAL, 'user20', 'user17', SYSTIMESTAMP, '1');

INSERT INTO FOLLOW(FOLLOW_CODE, FOLLOW_FROM, FOLLOW_TO, FOLLOW_DATE, FOLLOW_CHECK)
VALUES(FOL_SEQ.NEXTVAL, 'user17', 'gudwns', SYSTIMESTAMP, '1');
INSERT INTO FOLLOW(FOLLOW_CODE, FOLLOW_FROM, FOLLOW_TO, FOLLOW_DATE, FOLLOW_CHECK)
VALUES(FOL_SEQ.NEXTVAL, 'gudwns', 'user17', SYSTIMESTAMP, '1');

INSERT INTO FOLLOW(FOLLOW_CODE, FOLLOW_FROM, FOLLOW_TO, FOLLOW_DATE, FOLLOW_CHECK)
VALUES(FOL_SEQ.NEXTVAL, 'user17', 'rbehd', SYSTIMESTAMP, '1');
INSERT INTO FOLLOW(FOLLOW_CODE, FOLLOW_FROM, FOLLOW_TO, FOLLOW_DATE, FOLLOW_CHECK)
VALUES(FOL_SEQ.NEXTVAL, 'rbehd', 'user17', SYSTIMESTAMP, '1');

INSERT INTO FOLLOW(FOLLOW_CODE, FOLLOW_FROM, FOLLOW_TO, FOLLOW_DATE, FOLLOW_CHECK)
VALUES(FOL_SEQ.NEXTVAL, 'user17', 'gkdbs', SYSTIMESTAMP, '1');
INSERT INTO FOLLOW(FOLLOW_CODE, FOLLOW_FROM, FOLLOW_TO, FOLLOW_DATE, FOLLOW_CHECK)
VALUES(FOL_SEQ.NEXTVAL, 'gkdbs', 'user17', SYSTIMESTAMP, '1');

INSERT INTO FOLLOW(FOLLOW_CODE, FOLLOW_FROM, FOLLOW_TO, FOLLOW_DATE, FOLLOW_CHECK)
VALUES(FOL_SEQ.NEXTVAL, 'user17', 'tjdud', SYSTIMESTAMP, '1');
INSERT INTO FOLLOW(FOLLOW_CODE, FOLLOW_FROM, FOLLOW_TO, FOLLOW_DATE, FOLLOW_CHECK)
VALUES(FOL_SEQ.NEXTVAL, 'tjdud', 'user17', SYSTIMESTAMP, '1');

INSERT INTO FOLLOW(FOLLOW_CODE, FOLLOW_FROM, FOLLOW_TO, FOLLOW_DATE, FOLLOW_CHECK)
VALUES(FOL_SEQ.NEXTVAL, 'user17', 'dusdn', SYSTIMESTAMP, '1');
INSERT INTO FOLLOW(FOLLOW_CODE, FOLLOW_FROM, FOLLOW_TO, FOLLOW_DATE, FOLLOW_CHECK)
VALUES(FOL_SEQ.NEXTVAL, 'dusdn', 'user17', SYSTIMESTAMP, '1');

---------------------------------------------------------------------------------

INSERT INTO FOLLOW(FOLLOW_CODE, FOLLOW_FROM, FOLLOW_TO, FOLLOW_DATE, FOLLOW_CHECK)
VALUES(FOL_SEQ.NEXTVAL, 'user18', 'user19', SYSTIMESTAMP, '1');
INSERT INTO FOLLOW(FOLLOW_CODE, FOLLOW_FROM, FOLLOW_TO, FOLLOW_DATE, FOLLOW_CHECK)
VALUES(FOL_SEQ.NEXTVAL, 'user19', 'user18', SYSTIMESTAMP, '1');

INSERT INTO FOLLOW(FOLLOW_CODE, FOLLOW_FROM, FOLLOW_TO, FOLLOW_DATE, FOLLOW_CHECK)
VALUES(FOL_SEQ.NEXTVAL, 'user18', 'user20', SYSTIMESTAMP, '1');
INSERT INTO FOLLOW(FOLLOW_CODE, FOLLOW_FROM, FOLLOW_TO, FOLLOW_DATE, FOLLOW_CHECK)
VALUES(FOL_SEQ.NEXTVAL, 'user20', 'user18', SYSTIMESTAMP, '1');

INSERT INTO FOLLOW(FOLLOW_CODE, FOLLOW_FROM, FOLLOW_TO, FOLLOW_DATE, FOLLOW_CHECK)
VALUES(FOL_SEQ.NEXTVAL, 'user18', 'gudwns', SYSTIMESTAMP, '1');
INSERT INTO FOLLOW(FOLLOW_CODE, FOLLOW_FROM, FOLLOW_TO, FOLLOW_DATE, FOLLOW_CHECK)
VALUES(FOL_SEQ.NEXTVAL, 'gudwns', 'user18', SYSTIMESTAMP, '1');

INSERT INTO FOLLOW(FOLLOW_CODE, FOLLOW_FROM, FOLLOW_TO, FOLLOW_DATE, FOLLOW_CHECK)
VALUES(FOL_SEQ.NEXTVAL, 'user18', 'rbehd', SYSTIMESTAMP, '1');
INSERT INTO FOLLOW(FOLLOW_CODE, FOLLOW_FROM, FOLLOW_TO, FOLLOW_DATE, FOLLOW_CHECK)
VALUES(FOL_SEQ.NEXTVAL, 'rbehd', 'user18', SYSTIMESTAMP, '1');

INSERT INTO FOLLOW(FOLLOW_CODE, FOLLOW_FROM, FOLLOW_TO, FOLLOW_DATE, FOLLOW_CHECK)
VALUES(FOL_SEQ.NEXTVAL, 'user18', 'gkdbs', SYSTIMESTAMP, '1');
INSERT INTO FOLLOW(FOLLOW_CODE, FOLLOW_FROM, FOLLOW_TO, FOLLOW_DATE, FOLLOW_CHECK)
VALUES(FOL_SEQ.NEXTVAL, 'gkdbs', 'user18', SYSTIMESTAMP, '1');

INSERT INTO FOLLOW(FOLLOW_CODE, FOLLOW_FROM, FOLLOW_TO, FOLLOW_DATE, FOLLOW_CHECK)
VALUES(FOL_SEQ.NEXTVAL, 'user18', 'tjdud', SYSTIMESTAMP, '1');
INSERT INTO FOLLOW(FOLLOW_CODE, FOLLOW_FROM, FOLLOW_TO, FOLLOW_DATE, FOLLOW_CHECK)
VALUES(FOL_SEQ.NEXTVAL, 'tjdud', 'user18', SYSTIMESTAMP, '1');

INSERT INTO FOLLOW(FOLLOW_CODE, FOLLOW_FROM, FOLLOW_TO, FOLLOW_DATE, FOLLOW_CHECK)
VALUES(FOL_SEQ.NEXTVAL, 'user18', 'dusdn', SYSTIMESTAMP, '1');
INSERT INTO FOLLOW(FOLLOW_CODE, FOLLOW_FROM, FOLLOW_TO, FOLLOW_DATE, FOLLOW_CHECK)
VALUES(FOL_SEQ.NEXTVAL, 'dusdn', 'user18', SYSTIMESTAMP, '1');

---------------------------------------------------------------------------------

INSERT INTO FOLLOW(FOLLOW_CODE, FOLLOW_FROM, FOLLOW_TO, FOLLOW_DATE, FOLLOW_CHECK)
VALUES(FOL_SEQ.NEXTVAL, 'user19', 'user20', SYSTIMESTAMP, '1');
INSERT INTO FOLLOW(FOLLOW_CODE, FOLLOW_FROM, FOLLOW_TO, FOLLOW_DATE, FOLLOW_CHECK)
VALUES(FOL_SEQ.NEXTVAL, 'user20', 'user19', SYSTIMESTAMP, '1');

INSERT INTO FOLLOW(FOLLOW_CODE, FOLLOW_FROM, FOLLOW_TO, FOLLOW_DATE, FOLLOW_CHECK)
VALUES(FOL_SEQ.NEXTVAL, 'user19', 'gudwns', SYSTIMESTAMP, '1');
INSERT INTO FOLLOW(FOLLOW_CODE, FOLLOW_FROM, FOLLOW_TO, FOLLOW_DATE, FOLLOW_CHECK)
VALUES(FOL_SEQ.NEXTVAL, 'gudwns', 'user19', SYSTIMESTAMP, '1');

INSERT INTO FOLLOW(FOLLOW_CODE, FOLLOW_FROM, FOLLOW_TO, FOLLOW_DATE, FOLLOW_CHECK)
VALUES(FOL_SEQ.NEXTVAL, 'user19', 'rbehd', SYSTIMESTAMP, '1');
INSERT INTO FOLLOW(FOLLOW_CODE, FOLLOW_FROM, FOLLOW_TO, FOLLOW_DATE, FOLLOW_CHECK)
VALUES(FOL_SEQ.NEXTVAL, 'rbehd', 'user19', SYSTIMESTAMP, '1');

INSERT INTO FOLLOW(FOLLOW_CODE, FOLLOW_FROM, FOLLOW_TO, FOLLOW_DATE, FOLLOW_CHECK)
VALUES(FOL_SEQ.NEXTVAL, 'user19', 'gkdbs', SYSTIMESTAMP, '1');
INSERT INTO FOLLOW(FOLLOW_CODE, FOLLOW_FROM, FOLLOW_TO, FOLLOW_DATE, FOLLOW_CHECK)
VALUES(FOL_SEQ.NEXTVAL, 'gkdbs', 'user19', SYSTIMESTAMP, '1');

INSERT INTO FOLLOW(FOLLOW_CODE, FOLLOW_FROM, FOLLOW_TO, FOLLOW_DATE, FOLLOW_CHECK)
VALUES(FOL_SEQ.NEXTVAL, 'user19', 'tjdud', SYSTIMESTAMP, '1');
INSERT INTO FOLLOW(FOLLOW_CODE, FOLLOW_FROM, FOLLOW_TO, FOLLOW_DATE, FOLLOW_CHECK)
VALUES(FOL_SEQ.NEXTVAL, 'tjdud', 'user19', SYSTIMESTAMP, '1');

INSERT INTO FOLLOW(FOLLOW_CODE, FOLLOW_FROM, FOLLOW_TO, FOLLOW_DATE, FOLLOW_CHECK)
VALUES(FOL_SEQ.NEXTVAL, 'user19', 'dusdn', SYSTIMESTAMP, '1');
INSERT INTO FOLLOW(FOLLOW_CODE, FOLLOW_FROM, FOLLOW_TO, FOLLOW_DATE, FOLLOW_CHECK)
VALUES(FOL_SEQ.NEXTVAL, 'dusdn', 'user19', SYSTIMESTAMP, '1');

---------------------------------------------------------------------------------

INSERT INTO FOLLOW(FOLLOW_CODE, FOLLOW_FROM, FOLLOW_TO, FOLLOW_DATE, FOLLOW_CHECK)
VALUES(FOL_SEQ.NEXTVAL, 'user20', 'gudwns', SYSTIMESTAMP, '1');
INSERT INTO FOLLOW(FOLLOW_CODE, FOLLOW_FROM, FOLLOW_TO, FOLLOW_DATE, FOLLOW_CHECK)
VALUES(FOL_SEQ.NEXTVAL, 'gudwns', 'user20', SYSTIMESTAMP, '1');

INSERT INTO FOLLOW(FOLLOW_CODE, FOLLOW_FROM, FOLLOW_TO, FOLLOW_DATE, FOLLOW_CHECK)
VALUES(FOL_SEQ.NEXTVAL, 'user20', 'rbehd', SYSTIMESTAMP, '1');
INSERT INTO FOLLOW(FOLLOW_CODE, FOLLOW_FROM, FOLLOW_TO, FOLLOW_DATE, FOLLOW_CHECK)
VALUES(FOL_SEQ.NEXTVAL, 'rbehd', 'user20', SYSTIMESTAMP, '1');

INSERT INTO FOLLOW(FOLLOW_CODE, FOLLOW_FROM, FOLLOW_TO, FOLLOW_DATE, FOLLOW_CHECK)
VALUES(FOL_SEQ.NEXTVAL, 'user20', 'gkdbs', SYSTIMESTAMP, '1');
INSERT INTO FOLLOW(FOLLOW_CODE, FOLLOW_FROM, FOLLOW_TO, FOLLOW_DATE, FOLLOW_CHECK)
VALUES(FOL_SEQ.NEXTVAL, 'gkdbs', 'user20', SYSTIMESTAMP, '1');

INSERT INTO FOLLOW(FOLLOW_CODE, FOLLOW_FROM, FOLLOW_TO, FOLLOW_DATE, FOLLOW_CHECK)
VALUES(FOL_SEQ.NEXTVAL, 'user20', 'tjdud', SYSTIMESTAMP, '1');
INSERT INTO FOLLOW(FOLLOW_CODE, FOLLOW_FROM, FOLLOW_TO, FOLLOW_DATE, FOLLOW_CHECK)
VALUES(FOL_SEQ.NEXTVAL, 'tjdud', 'user20', SYSTIMESTAMP, '1');

INSERT INTO FOLLOW(FOLLOW_CODE, FOLLOW_FROM, FOLLOW_TO, FOLLOW_DATE, FOLLOW_CHECK)
VALUES(FOL_SEQ.NEXTVAL, 'user20', 'dusdn', SYSTIMESTAMP, '1');
INSERT INTO FOLLOW(FOLLOW_CODE, FOLLOW_FROM, FOLLOW_TO, FOLLOW_DATE, FOLLOW_CHECK)
VALUES(FOL_SEQ.NEXTVAL, 'dusdn', 'user20', SYSTIMESTAMP, '1');

--------------------- INSERT BOARD ----------------------
--INSERT INTO BOARD(BOARD_NUMBER, BOARD_TITLE, BOARD_CONTENT, READ_COUNT, LIKE_COUNT, BOARD_ENABLED, REPORT_COUNT, B_WRITE_DATE, B_MODIFY_DATE, BOARD_APPROVE, 
--SUB_CURRICULUM, SUB_ADDRESS, SUB_DELIVERY_FORMAT, SEARCH_TYPE, SUB_CATEGORY, BOARD_CATEGORY, B_WRITER)
--VALUES(B_SEQ.NEXTVAL, '소셜 첫 번째 글 제목', '소셜 첫 번째 게시글입니다', DEFAULT, DEFAULT, DEFAULT, DEFAULT, SYSTIMESTAMP, SYSTIMESTAMP, DEFAULT, 
--NULL, NULL, NULL, NULL, NULL, 1, 'user01');
--
--INSERT INTO BOARD(BOARD_NUMBER, BOARD_TITLE, BOARD_CONTENT, READ_COUNT, LIKE_COUNT, BOARD_ENABLED, REPORT_COUNT, B_WRITE_DATE, B_MODIFY_DATE, BOARD_APPROVE, 
--SUB_CURRICULUM, SUB_ADDRESS, SUB_DELIVERY_FORMAT, SEARCH_TYPE, SUB_CATEGORY, BOARD_CATEGORY, B_WRITER)
--VALUES(B_SEQ.NEXTVAL, '소셜 두 번째 글 제목', '소셜 두 번째 게시글입니다', DEFAULT, DEFAULT, DEFAULT, DEFAULT, SYSTIMESTAMP, SYSTIMESTAMP, DEFAULT, 
--NULL, NULL, NULL, NULL, NULL, 1, 'user02');
--
--INSERT INTO BOARD(BOARD_NUMBER, BOARD_TITLE, BOARD_CONTENT, READ_COUNT, LIKE_COUNT, BOARD_ENABLED, REPORT_COUNT, B_WRITE_DATE, B_MODIFY_DATE, BOARD_APPROVE, 
--SUB_CURRICULUM, SUB_ADDRESS, SUB_DELIVERY_FORMAT, SEARCH_TYPE, SUB_CATEGORY, BOARD_CATEGORY, B_WRITER)
--VALUES(B_SEQ.NEXTVAL, '소셜 세 번째 글 제목', '소셜 세 번째 게시글입니다', DEFAULT, DEFAULT, DEFAULT, DEFAULT, SYSTIMESTAMP, SYSTIMESTAMP, DEFAULT, 
--NULL, NULL, NULL, NULL, NULL, 1, 'user03');
--
--INSERT INTO BOARD(BOARD_NUMBER, BOARD_TITLE, BOARD_CONTENT, READ_COUNT, LIKE_COUNT, BOARD_ENABLED, REPORT_COUNT, B_WRITE_DATE, B_MODIFY_DATE, BOARD_APPROVE, 
--SUB_CURRICULUM, SUB_ADDRESS, SUB_DELIVERY_FORMAT, SEARCH_TYPE, SUB_CATEGORY, BOARD_CATEGORY, B_WRITER)
--VALUES(B_SEQ.NEXTVAL, '소셜 네 번째 글 제목', '소셜 네 번째 게시글입니다', DEFAULT, DEFAULT, DEFAULT, DEFAULT, SYSTIMESTAMP, SYSTIMESTAMP, DEFAULT, 
--NULL, NULL, NULL, NULL, NULL, 1, 'user04');
--
--INSERT INTO BOARD(BOARD_NUMBER, BOARD_TITLE, BOARD_CONTENT, READ_COUNT, LIKE_COUNT, BOARD_ENABLED, REPORT_COUNT, B_WRITE_DATE, B_MODIFY_DATE, BOARD_APPROVE, 
--SUB_CURRICULUM, SUB_ADDRESS, SUB_DELIVERY_FORMAT, SEARCH_TYPE, SUB_CATEGORY, BOARD_CATEGORY, B_WRITER)
--VALUES(B_SEQ.NEXTVAL, '찾아요 첫 번째 글 제목', '찾아요 첫 번째 게시글입니다', DEFAULT, DEFAULT, DEFAULT, DEFAULT, SYSTIMESTAMP, SYSTIMESTAMP, DEFAULT, 
--NULL, '홍대입구', '오프라인 레슨', 'FT', '보컬/발라드', 1, 'user01');
--
--INSERT INTO BOARD(BOARD_NUMBER, BOARD_TITLE, BOARD_CONTENT, READ_COUNT, LIKE_COUNT, BOARD_ENABLED, REPORT_COUNT, B_WRITE_DATE, B_MODIFY_DATE, BOARD_APPROVE, 
--SUB_CURRICULUM, SUB_ADDRESS, SUB_DELIVERY_FORMAT, SEARCH_TYPE, SUB_CATEGORY, BOARD_CATEGORY, B_WRITER)
--VALUES(B_SEQ.NEXTVAL, '찾아요 두 번째 글 제목', '찾아요 두 번째 게시글입니다', DEFAULT, DEFAULT, DEFAULT, DEFAULT, SYSTIMESTAMP, SYSTIMESTAMP, 'W', 
--'커리큘럼은 호흡, 발성, 스킬입니다.', '홍대입구', '오프라인 레슨', 'FS', '보컬/발라드', 2, 'user02');
--
--INSERT INTO BOARD(BOARD_NUMBER, BOARD_TITLE, BOARD_CONTENT, READ_COUNT, LIKE_COUNT, BOARD_ENABLED, REPORT_COUNT, B_WRITE_DATE, B_MODIFY_DATE, BOARD_APPROVE, 
--SUB_CURRICULUM, SUB_ADDRESS, SUB_DELIVERY_FORMAT, SEARCH_TYPE, SUB_CATEGORY, BOARD_CATEGORY, B_WRITER)
--VALUES(B_SEQ.NEXTVAL, '찾아요 세 번째 글 제목', '찾아요 세 번째 게시글입니다', DEFAULT, DEFAULT, DEFAULT, DEFAULT, SYSTIMESTAMP, SYSTIMESTAMP, DEFAULT, 
--NULL, NULL, 'midi파일, 피날레, pdf', 'FT', '악보제작/피아노3단', 2, 'user03'); --FT
--
--INSERT INTO BOARD(BOARD_NUMBER, BOARD_TITLE, BOARD_CONTENT, READ_COUNT, LIKE_COUNT, BOARD_ENABLED, REPORT_COUNT, B_WRITE_DATE, B_MODIFY_DATE, BOARD_APPROVE, 
--SUB_CURRICULUM, SUB_ADDRESS, SUB_DELIVERY_FORMAT, SEARCH_TYPE, SUB_CATEGORY, BOARD_CATEGORY, B_WRITER)
--VALUES(B_SEQ.NEXTVAL, '찾아요 네 번째 글 제목', '찾아요 네 번째 게시글입니다', DEFAULT, DEFAULT, DEFAULT, DEFAULT, SYSTIMESTAMP, SYSTIMESTAMP, 'W', 
--NULL, NULL, 'midi파일, 피날레, pdf', 'FS', '악보제작', 2, 'user04');
--
--INSERT INTO BOARD(BOARD_NUMBER, BOARD_TITLE, BOARD_CONTENT, READ_COUNT, LIKE_COUNT, BOARD_ENABLED, REPORT_COUNT, B_WRITE_DATE, B_MODIFY_DATE, BOARD_APPROVE, 
--SUB_CURRICULUM, SUB_ADDRESS, SUB_DELIVERY_FORMAT, SEARCH_TYPE, SUB_CATEGORY, BOARD_CATEGORY, B_WRITER)
--VALUES(B_SEQ.NEXTVAL, '컬럼 첫 번째 글 제목', '컬럼 첫 번째 게시글입니다', DEFAULT, DEFAULT, DEFAULT, DEFAULT, SYSTIMESTAMP, SYSTIMESTAMP, 'W', 
--NULL, NULL, NULL, NULL, '화성학', 3, 'user01');
--
--INSERT INTO BOARD(BOARD_NUMBER, BOARD_TITLE, BOARD_CONTENT, READ_COUNT, LIKE_COUNT, BOARD_ENABLED, REPORT_COUNT, B_WRITE_DATE, B_MODIFY_DATE, BOARD_APPROVE, 
--SUB_CURRICULUM, SUB_ADDRESS, SUB_DELIVERY_FORMAT, SEARCH_TYPE, SUB_CATEGORY, BOARD_CATEGORY, B_WRITER)
--VALUES(B_SEQ.NEXTVAL, '컬럼 두 번째 글 제목', '컬럼 두 번째 게시글입니다', DEFAULT, DEFAULT, DEFAULT, DEFAULT, SYSTIMESTAMP, SYSTIMESTAMP, 'W', 
--NULL, NULL, NULL, NULL, '보컬', 3, 'user02');
--
--INSERT INTO BOARD(BOARD_NUMBER, BOARD_TITLE, BOARD_CONTENT, READ_COUNT, LIKE_COUNT, BOARD_ENABLED, REPORT_COUNT, B_WRITE_DATE, B_MODIFY_DATE, BOARD_APPROVE, 
--SUB_CURRICULUM, SUB_ADDRESS, SUB_DELIVERY_FORMAT, SEARCH_TYPE, SUB_CATEGORY, BOARD_CATEGORY, B_WRITER)
--VALUES(B_SEQ.NEXTVAL, '컬럼 세 번째 글 제목', '컬럼 세 번째 게시글입니다', DEFAULT, DEFAULT, DEFAULT, DEFAULT, SYSTIMESTAMP, SYSTIMESTAMP, 'W', 
--NULL, NULL, NULL, NULL, '클래식', 3, 'user03');
--
--INSERT INTO BOARD(BOARD_NUMBER, BOARD_TITLE, BOARD_CONTENT, READ_COUNT, LIKE_COUNT, BOARD_ENABLED, REPORT_COUNT, B_WRITE_DATE, B_MODIFY_DATE, BOARD_APPROVE, 
--SUB_CURRICULUM, SUB_ADDRESS, SUB_DELIVERY_FORMAT, SEARCH_TYPE, SUB_CATEGORY, BOARD_CATEGORY, B_WRITER)
--VALUES(B_SEQ.NEXTVAL, '컬럼 네 번째 글 제목', '컬럼 네 번째 게시글입니다', DEFAULT, DEFAULT, DEFAULT, DEFAULT, SYSTIMESTAMP, SYSTIMESTAMP, 'W', 
--NULL, NULL, NULL, NULL, '실용음악', 3, 'user04');
--
--INSERT INTO BOARD(BOARD_NUMBER, BOARD_TITLE, BOARD_CONTENT, READ_COUNT, LIKE_COUNT, BOARD_ENABLED, REPORT_COUNT, B_WRITE_DATE, B_MODIFY_DATE, BOARD_APPROVE, 
--SUB_CURRICULUM, SUB_ADDRESS, SUB_DELIVERY_FORMAT, SEARCH_TYPE, SUB_CATEGORY, BOARD_CATEGORY, B_WRITER)
--VALUES(B_SEQ.NEXTVAL, '리뷰 첫 번째 글 제목', '리뷰 첫 번째 게시글입니다', DEFAULT, DEFAULT, DEFAULT, DEFAULT, SYSTIMESTAMP, SYSTIMESTAMP, DEFAULT, 
--NULL, NULL, NULL, NULL, '오디오인터페이스', 4, 'user01');
--
--INSERT INTO BOARD(BOARD_NUMBER, BOARD_TITLE, BOARD_CONTENT, READ_COUNT, LIKE_COUNT, BOARD_ENABLED, REPORT_COUNT, B_WRITE_DATE, B_MODIFY_DATE, BOARD_APPROVE, 
--SUB_CURRICULUM, SUB_ADDRESS, SUB_DELIVERY_FORMAT, SEARCH_TYPE, SUB_CATEGORY, BOARD_CATEGORY, B_WRITER)
--VALUES(B_SEQ.NEXTVAL, '리뷰 두 번째 글 제목', '리뷰 두 번째 게시글입니다', DEFAULT, DEFAULT, DEFAULT, DEFAULT, SYSTIMESTAMP, SYSTIMESTAMP, DEFAULT,  
--NULL, NULL, NULL, NULL, '악기', 4, 'user02');
--
--INSERT INTO BOARD(BOARD_NUMBER, BOARD_TITLE, BOARD_CONTENT, READ_COUNT, LIKE_COUNT, BOARD_ENABLED, REPORT_COUNT, B_WRITE_DATE, B_MODIFY_DATE, BOARD_APPROVE, 
--SUB_CURRICULUM, SUB_ADDRESS, SUB_DELIVERY_FORMAT, SEARCH_TYPE, SUB_CATEGORY, BOARD_CATEGORY, B_WRITER)
--VALUES(B_SEQ.NEXTVAL, '리뷰 세 번째 글 제목', '리뷰 세 번째 게시글입니다', DEFAULT, DEFAULT, DEFAULT, DEFAULT, SYSTIMESTAMP, SYSTIMESTAMP, DEFAULT, 
--NULL, NULL, NULL, NULL, '신디사이저', 4, 'user03');
--
--INSERT INTO BOARD(BOARD_NUMBER, BOARD_TITLE, BOARD_CONTENT, READ_COUNT, LIKE_COUNT, BOARD_ENABLED, REPORT_COUNT, B_WRITE_DATE, B_MODIFY_DATE, BOARD_APPROVE, 
--SUB_CURRICULUM, SUB_ADDRESS, SUB_DELIVERY_FORMAT, SEARCH_TYPE, SUB_CATEGORY, BOARD_CATEGORY, B_WRITER)
--VALUES(B_SEQ.NEXTVAL, '리뷰 네 번째 글 제목', '리뷰 네 번째 게시글입니다', DEFAULT, DEFAULT, DEFAULT, DEFAULT, SYSTIMESTAMP, SYSTIMESTAMP, DEFAULT, 
--NULL, NULL, NULL, NULL, '스피커', 4, 'user04');

--------------------- INSERT REGISTER_PRO ----------------------
--INSERT INTO REGISTER_PRO(REGISTER_NO, SPECIALTY_FIELD, INTRODUCE, SCHOOL_NAME, MAJOR, CAREER, CERTIFICATION, SPECIAL_CATEGORY, SERVICE_TYPE, REGISTER_DATE, REGISTER_APPROVE, REGISTER_USER) 
--VALUES(RG_SEQ.NEXTVAL, '보컬', '안녕하세요 보컬 전문가 유저01입니다.', '스프링 대학교', '마이바티스 전공', '슈퍼스타K', '정보처리기사', '발라드', '온라인 레슨', SYSTIMESTAMP, DEFAULT, 'user01');
--
--INSERT INTO REGISTER_PRO(REGISTER_NO, SPECIALTY_FIELD, INTRODUCE, SCHOOL_NAME, MAJOR, CAREER, CERTIFICATION, SPECIAL_CATEGORY, SERVICE_TYPE, REGISTER_DATE, REGISTER_APPROVE, REGISTER_USER) 
--VALUES(RG_SEQ.NEXTVAL, '보컬', '안녕하세요 편곡 전문가 유저02입니다.', 'C 대학교', '포인터 전공', '유희열의 스케치북', '정보처리산업기사', 'MR, AR, 작곡, 편곡', 'MP3, MIDI', SYSTIMESTAMP, DEFAULT, 'user02');
--
--INSERT INTO REGISTER_PRO(REGISTER_NO, SPECIALTY_FIELD, INTRODUCE, SCHOOL_NAME, MAJOR, CAREER, CERTIFICATION, SPECIAL_CATEGORY, SERVICE_TYPE, REGISTER_DATE, REGISTER_APPROVE, REGISTER_USER) 
--VALUES(RG_SEQ.NEXTVAL, '작편곡', '안녕하세요 작편곡 전문가 유저03입니다.', '파이썬 대학교', '쟝고 전공', '케이팝스타', 'SQLP', '사보, 채보, 이조, 작곡, 편곡', 'PDF, JPG, MIDI', SYSTIMESTAMP, DEFAULT, 'user03');
--
--INSERT INTO REGISTER_PRO(REGISTER_NO, SPECIALTY_FIELD, INTRODUCE, SCHOOL_NAME, MAJOR, CAREER, CERTIFICATION, SPECIAL_CATEGORY, SERVICE_TYPE, REGISTER_DATE, REGISTER_APPROVE, REGISTER_USER) 
--VALUES(RG_SEQ.NEXTVAL, '믹싱', '안녕하세요 믹싱 전문가 유저04입니다.', '자바 대학교', '해시 전공', '쇼미더머니', '정보보안기사', '보컬튠, 믹싱', 'MP3, WAV', SYSTIMESTAMP, DEFAULT, 'user04');

--------------------- INSERT ALARM ----------------------
---- 공지 알람
--INSERT INTO ALARM(ALARM_NO, ALARM_TITLE, ALARM_CONTENT, ALARM_TYPE, ALARM_DATE, ALARM_ISREAD, ALARM_URL, ALARM_SENDER, ALARM_RECEIVER, ETC_BOARD_NO)
--VALUES(A_SEQ.NEXTVAL, '공지사항 알림 메세지 제목입니다', '공지사항 알림메세지 세부 내용입니다.', 'Notice', SYSTIMESTAMP, '0', 'alarmDetail.ws', 'admin', null, 1);
--
--INSERT INTO ALARM(ALARM_NO, ALARM_TITLE, ALARM_CONTENT, ALARM_TYPE, ALARM_DATE, ALARM_ISREAD, ALARM_URL, ALARM_SENDER, ALARM_RECEIVER, ETC_BOARD_NO)
--VALUES(A_SEQ.NEXTVAL, '공지사항 알림 메세지 제목입니다', '공지사항 알림메세지 세부 내용입니다.', 'Notice', SYSTIMESTAMP, '0', 'alarmDetail.ws', 'admin', null, 2);
--
--INSERT INTO ALARM(ALARM_NO, ALARM_TITLE, ALARM_CONTENT, ALARM_TYPE, ALARM_DATE, ALARM_ISREAD, ALARM_URL, ALARM_SENDER, ALARM_RECEIVER, ETC_BOARD_NO)
--VALUES(A_SEQ.NEXTVAL, '공지사항 알림 메세지 제목입니다', '공지사항 알림메세지 세부 내용입니다.', 'Notice', SYSTIMESTAMP, '0', 'alarmDetail.ws', 'admin', null, 3);
--
---- 팔로우 알람
--INSERT INTO ALARM(ALARM_NO, ALARM_TITLE, ALARM_TYPE, ALARM_DATE, ALARM_ISREAD, ALARM_URL, ALARM_SENDER, ALARM_RECEIVER)
--VALUES(A_SEQ.NEXTVAL, '<b>USER02</b>님이 회원님을 팔로우하기 시작했습니다.', 'Follow', SYSTIMESTAMP, '0', 'goYouStage.st', 'user02', 'user01');
--
---- 좋아요 알람
--INSERT INTO ALARM(ALARM_NO, ALARM_TITLE, ALARM_TYPE, ALARM_DATE, ALARM_ISREAD, ALARM_URL, ALARM_SENDER, ALARM_RECEIVER, BOARD_NO)
--VALUES(A_SEQ.NEXTVAL, '<b>USER02</b>님이 회원님의 게시물을 좋아합니다.', 'Like', SYSTIMESTAMP, '0', 'bDetail.bo', 'user02', 'user01', 1);
--
---- 게시글 댓글 알람
--INSERT INTO ALARM(ALARM_NO, ALARM_TITLE, ALARM_TYPE, ALARM_DATE, ALARM_ISREAD, ALARM_URL, ALARM_SENDER, ALARM_RECEIVER, BOARD_NO)
--VALUES(A_SEQ.NEXTVAL, '<b>USER02</b>님이 댓글을 남겼습니다 : ', 'BoardReply', SYSTIMESTAMP, '0', 'bDetail.bo', 'user02', 'user01', 2);
--
---- 댓글의 답글 알람
--INSERT INTO ALARM(ALARM_NO, ALARM_TITLE, ALARM_TYPE, ALARM_DATE, ALARM_ISREAD, ALARM_URL, ALARM_SENDER, ALARM_RECEIVER, BOARD_NO, REPLY_NO)
--VALUES(A_SEQ.NEXTVAL, '<b>USER02</b>님이 <b>USER01</b>님의 게시글에 있는 회원님의 댓글에 답글을 남겼습니다 : ', 'ReplyReply', SYSTIMESTAMP, '0', 'bDetail.bo', 'user02', 'user01', 2, 1);




--------------------- INSERT REPLY ----------------------
--INSERT INTO REPLY(REPLY_NUMBER, REPLY_CONTENT, R_WRITE_DATE, REPLY_STEP, PARENT_NUMBER, REPLY_ENABLED, R_WRITER, REF_BOARD_NUMBER)
--VALUES(R_SEQ.NEXTVAL, '1번 게시글에 대한 첫 번째 댓글입니다.', SYSTIMESTAMP, '0', R_SEQ.CURRVAL, '1', 'user01', 1);
--
--INSERT INTO REPLY(REPLY_NUMBER, REPLY_CONTENT, R_WRITE_DATE, REPLY_STEP, PARENT_NUMBER, REPLY_ENABLED, R_WRITER, REF_BOARD_NUMBER)
--VALUES(R_SEQ.NEXTVAL, '1번 게시글의 4번 댓글에 대한 첫 번째 댓글입니다.', SYSTIMESTAMP, '1', '1', '1', 'user01', 1);
--
--INSERT INTO REPLY(REPLY_NUMBER, REPLY_CONTENT, R_WRITE_DATE, REPLY_STEP, PARENT_NUMBER, REPLY_ENABLED, R_WRITER, REF_BOARD_NUMBER)
--VALUES(R_SEQ.NEXTVAL, '1번 게시글의 4번 댓글에 두 번째 댓글입니다.', SYSTIMESTAMP, '1', '1', '1', 'user01', 1);
--
--INSERT INTO REPLY(REPLY_NUMBER, REPLY_CONTENT, R_WRITE_DATE, REPLY_STEP, PARENT_NUMBER, REPLY_ENABLED, R_WRITER, REF_BOARD_NUMBER)
--VALUES(R_SEQ.NEXTVAL, '1번 게시글의 4번 댓글에 세 번째 댓글입니다.', SYSTIMESTAMP, '1', '1', '1', 'user01', 1);
--
--
--INSERT INTO REPLY(REPLY_NUMBER, REPLY_CONTENT, R_WRITE_DATE, REPLY_STEP, PARENT_NUMBER, REPLY_ENABLED, R_WRITER, REF_BOARD_NUMBER)
--VALUES(R_SEQ.NEXTVAL, '1번 게시글에 대한 두 번째 댓글입니다.', SYSTIMESTAMP, '0', R_SEQ.CURRVAL, '5', 'user01', 1);
--
--INSERT INTO REPLY(REPLY_NUMBER, REPLY_CONTENT, R_WRITE_DATE, REPLY_STEP, PARENT_NUMBER, REPLY_ENABLED, R_WRITER, REF_BOARD_NUMBER)
--VALUES(R_SEQ.NEXTVAL, '1번 게시글의 8번 댓글에 대한 첫 번째 댓글입니다.', SYSTIMESTAMP, '1', '5', '1', 'user01', 1);
--
--INSERT INTO REPLY(REPLY_NUMBER, REPLY_CONTENT, R_WRITE_DATE, REPLY_STEP, PARENT_NUMBER, REPLY_ENABLED, R_WRITER, REF_BOARD_NUMBER)
--VALUES(R_SEQ.NEXTVAL, '1번 게시글의 8번 댓글에 두 번째 댓글입니다.', SYSTIMESTAMP, '1', '5', '1', 'user01', 1);
--
--INSERT INTO REPLY(REPLY_NUMBER, REPLY_CONTENT, R_WRITE_DATE, REPLY_STEP, PARENT_NUMBER, REPLY_ENABLED, R_WRITER, REF_BOARD_NUMBER)
--VALUES(R_SEQ.NEXTVAL, '1번 게시글의 8번 댓글에 세 번째 댓글입니다.', SYSTIMESTAMP, '1', '5', '1', 'user01', 1);
--
--
--INSERT INTO REPLY(REPLY_NUMBER, REPLY_CONTENT, R_WRITE_DATE, REPLY_STEP, PARENT_NUMBER, REPLY_ENABLED, R_WRITER, REF_BOARD_NUMBER)
--VALUES(R_SEQ.NEXTVAL, '1번 게시글에 대한 세 번째 댓글입니다.', SYSTIMESTAMP, '0', R_SEQ.CURRVAL, '1', 'user01', 1);
--
--INSERT INTO REPLY(REPLY_NUMBER, REPLY_CONTENT, R_WRITE_DATE, REPLY_STEP, PARENT_NUMBER, REPLY_ENABLED, R_WRITER, REF_BOARD_NUMBER)
--VALUES(R_SEQ.NEXTVAL, '1번 게시글의 4번 댓글에 대한 첫 번째 댓글입니다.', SYSTIMESTAMP, '1', '9', '1', 'user01', 1);
--
--INSERT INTO REPLY(REPLY_NUMBER, REPLY_CONTENT, R_WRITE_DATE, REPLY_STEP, PARENT_NUMBER, REPLY_ENABLED, R_WRITER, REF_BOARD_NUMBER)
--VALUES(R_SEQ.NEXTVAL, '1번 게시글의 4번 댓글에 두 번째 댓글입니다.', SYSTIMESTAMP, '1', '9', '1', 'user01', 1);
--
--INSERT INTO REPLY(REPLY_NUMBER, REPLY_CONTENT, R_WRITE_DATE, REPLY_STEP, PARENT_NUMBER, REPLY_ENABLED, R_WRITER, REF_BOARD_NUMBER)
--VALUES(R_SEQ.NEXTVAL, '1번 게시글의 4번 댓글에 세 번째 댓글입니다.', SYSTIMESTAMP, '1', '9', '1', 'user01', 1);
--
--
--
--INSERT INTO REPLY(REPLY_NUMBER, REPLY_CONTENT, R_WRITE_DATE, REPLY_STEP, PARENT_NUMBER, REPLY_ENABLED, R_WRITER, REF_BOARD_NUMBER)
--VALUES(R_SEQ.NEXTVAL, '2번 게시글에 대한 첫 번째 댓글입니다.', SYSTIMESTAMP, '0', R_SEQ.CURRVAL, '1', 'user01', 1);
--
--INSERT INTO REPLY(REPLY_NUMBER, REPLY_CONTENT, R_WRITE_DATE, REPLY_STEP, PARENT_NUMBER, REPLY_ENABLED, R_WRITER, REF_BOARD_NUMBER)
--VALUES(R_SEQ.NEXTVAL, '2번 게시글에 대한 두 번째 댓글입니다.', SYSTIMESTAMP, '0', R_SEQ.CURRVAL, '1', 'user01', 1);
--
--INSERT INTO REPLY(REPLY_NUMBER, REPLY_CONTENT, R_WRITE_DATE, REPLY_STEP, PARENT_NUMBER, REPLY_ENABLED, R_WRITER, REF_BOARD_NUMBER)
--VALUES(R_SEQ.NEXTVAL, '2번 게시글에 대한 세 번째 댓글입니다.', SYSTIMESTAMP, '0', R_SEQ.CURRVAL, '1', 'user01', 1);
--
--
--INSERT INTO REPLY(REPLY_NUMBER, REPLY_CONTENT, R_WRITE_DATE, REPLY_STEP, PARENT_NUMBER, REPLY_ENABLED, R_WRITER, REF_BOARD_NUMBER)
--VALUES(R_SEQ.NEXTVAL, '2번 게시글의 16번 댓글에 대한 첫 번째 댓글입니다.', SYSTIMESTAMP, '1', '13', '1', 'user01', 1);
--
--INSERT INTO REPLY(REPLY_NUMBER, REPLY_CONTENT, R_WRITE_DATE, REPLY_STEP, PARENT_NUMBER, REPLY_ENABLED, R_WRITER, REF_BOARD_NUMBER)
--VALUES(R_SEQ.NEXTVAL, '2번 게시글의 17번 댓글에 첫 번째 댓글입니다.', SYSTIMESTAMP, '1', '14', '1', 'user01', 1);
--
--INSERT INTO REPLY(REPLY_NUMBER, REPLY_CONTENT, R_WRITE_DATE, REPLY_STEP, PARENT_NUMBER, REPLY_ENABLED, R_WRITER, REF_BOARD_NUMBER)
--VALUES(R_SEQ.NEXTVAL, '2번 게시글의 18번 댓글에 첫 번째 댓글입니다.', SYSTIMESTAMP, '1', '15', '1', 'user01', 1);
--
--
--INSERT INTO REPLY(REPLY_NUMBER, REPLY_CONTENT, R_WRITE_DATE, REPLY_STEP, PARENT_NUMBER, REPLY_ENABLED, R_WRITER, REF_BOARD_NUMBER)
--VALUES(R_SEQ.NEXTVAL, '2번 게시글의 16번 댓글에 대한 두 번째 댓글입니다.', SYSTIMESTAMP, '1', '13', '1', 'user01', 1);
--
--INSERT INTO REPLY(REPLY_NUMBER, REPLY_CONTENT, R_WRITE_DATE, REPLY_STEP, PARENT_NUMBER, REPLY_ENABLED, R_WRITER, REF_BOARD_NUMBER)
--VALUES(R_SEQ.NEXTVAL, '2번 게시글의 17번 댓글에 두 번째 댓글입니다.', SYSTIMESTAMP, '1', '14', '1', 'user01', 1);
--
--INSERT INTO REPLY(REPLY_NUMBER, REPLY_CONTENT, R_WRITE_DATE, REPLY_STEP, PARENT_NUMBER, REPLY_ENABLED, R_WRITER, REF_BOARD_NUMBER)
--VALUES(R_SEQ.NEXTVAL, '2번 게시글의 18번 댓글에 두 번째 댓글입니다.', SYSTIMESTAMP, '1', '15', '1', 'user01', 1);
--
--
--INSERT INTO REPLY(REPLY_NUMBER, REPLY_CONTENT, R_WRITE_DATE, REPLY_STEP, PARENT_NUMBER, REPLY_ENABLED, R_WRITER, REF_BOARD_NUMBER)
--VALUES(R_SEQ.NEXTVAL, '2번 게시글의 16번 댓글에 대한 세 번째 댓글입니다.', SYSTIMESTAMP, '1', '13', '1', 'user01', 1);
--
--INSERT INTO REPLY(REPLY_NUMBER, REPLY_CONTENT, R_WRITE_DATE, REPLY_STEP, PARENT_NUMBER, REPLY_ENABLED, R_WRITER, REF_BOARD_NUMBER)
--VALUES(R_SEQ.NEXTVAL, '2번 게시글의 17번 댓글에 세 번째 댓글입니다.', SYSTIMESTAMP, '1', '14', '1', 'user01', 1);
--
--INSERT INTO REPLY(REPLY_NUMBER, REPLY_CONTENT, R_WRITE_DATE, REPLY_STEP, PARENT_NUMBER, REPLY_ENABLED, R_WRITER, REF_BOARD_NUMBER)
--VALUES(R_SEQ.NEXTVAL, '2번 게시글의 18번 댓글에 세 번째 댓글입니다.', SYSTIMESTAMP, '1', '15', '1', 'user01', 1);


--------------------- INSERT NOTICE(ETC_BOARD) ----------------------
--INSERT INTO ETC_BOARD(BOARD_NUMBER, BOARD_CATEGORY, BOARD_TITLE, BOARD_CONTENT, BOARD_ENABLED, B_WRITE_DATE, B_WRITER)
--VALUES(EB_SEQ.NEXTVAL, '공지사항', '첫 번째 공지사항 제목입니다', '첫 번째 공지사항 내용입니다. 테스트 중입니다. 성공했으면 좋겠습니다ㅠㅠ 1', '1', SYSTIMESTAMP, 'admin');
--
--INSERT INTO ETC_BOARD(BOARD_NUMBER, BOARD_CATEGORY, BOARD_TITLE, BOARD_CONTENT, BOARD_ENABLED, B_WRITE_DATE, B_WRITER)
--VALUES(EB_SEQ.NEXTVAL, '공지사항', '두 번째 공지사항 제목입니다', '두 번째 공지사항 내용입니다. 테스트 중입니다. 성공했으면 좋겠습니다ㅠㅠ 2', '1', SYSTIMESTAMP, 'admin');
--
--INSERT INTO ETC_BOARD(BOARD_NUMBER, BOARD_CATEGORY, BOARD_TITLE, BOARD_CONTENT, BOARD_ENABLED, B_WRITE_DATE, B_WRITER)
--VALUES(EB_SEQ.NEXTVAL, '공지사항', '세 번째 공지사항 제목입니다', '세 번째 공지사항 내용입니다. 테스트 중입니다. 성공했으면 좋겠습니다ㅠㅠ 3', '1', SYSTIMESTAMP, 'admin');


--------------------- INSERT REPORT_BOARD ----------------------
--INSERT INTO REPORT_BOARD(REPORT_NO, REPORT_CONTENT, REPORT_DATE, REPORT_STATUS, BOARD_REPORT_CATEGORY, REPORT_BOARD, REPORT_FROM)
--VALUES(RPB_SEQ.NEXTVAL, '게시글 신고합니다.', SYSTIMESTAMP, 'W', 1, 1, 'user01');
--
--INSERT INTO REPORT_BOARD(REPORT_NO, REPORT_CONTENT, REPORT_DATE, REPORT_STATUS, BOARD_REPORT_CATEGORY, REPORT_BOARD, REPORT_FROM)
--VALUES(RPB_SEQ.NEXTVAL, '게시글 신고합니다.2', SYSTIMESTAMP, 'W', 2, 1, 'user01');
--
--INSERT INTO REPORT_BOARD(REPORT_NO, REPORT_CONTENT, REPORT_DATE, REPORT_STATUS, BOARD_REPORT_CATEGORY, REPORT_BOARD, REPORT_FROM)
--VALUES(RPB_SEQ.NEXTVAL, '게시글 신고합니다.3', SYSTIMESTAMP, 'W', 3, 1, 'user01');
--
--INSERT INTO REPORT_BOARD(REPORT_NO, REPORT_CONTENT, REPORT_DATE, REPORT_STATUS, BOARD_REPORT_CATEGORY, REPORT_BOARD, REPORT_FROM)
--VALUES(RPB_SEQ.NEXTVAL, '게시글 신고합니다.4', SYSTIMESTAMP, 'W', 4, 1, 'user01');
--
--INSERT INTO REPORT_BOARD(REPORT_NO, REPORT_CONTENT, REPORT_DATE, REPORT_STATUS, BOARD_REPORT_CATEGORY, REPORT_BOARD, REPORT_FROM)
--VALUES(RPB_SEQ.NEXTVAL, '게시글 신고합니다.5', SYSTIMESTAMP, 'W', 5, 1, 'user01');
--
--INSERT INTO REPORT_BOARD(REPORT_NO, REPORT_CONTENT, REPORT_DATE, REPORT_STATUS, BOARD_REPORT_CATEGORY, REPORT_BOARD, REPORT_FROM)
--VALUES(RPB_SEQ.NEXTVAL, '게시글 신고합니다.', SYSTIMESTAMP, 'W', 1, 1, 'user02');
--
--INSERT INTO REPORT_BOARD(REPORT_NO, REPORT_CONTENT, REPORT_DATE, REPORT_STATUS, BOARD_REPORT_CATEGORY, REPORT_BOARD, REPORT_FROM)
--VALUES(RPB_SEQ.NEXTVAL, '게시글 신고합니다.2', SYSTIMESTAMP, 'W', 2, 1, 'user02');
--
--INSERT INTO REPORT_BOARD(REPORT_NO, REPORT_CONTENT, REPORT_DATE, REPORT_STATUS, BOARD_REPORT_CATEGORY, REPORT_BOARD, REPORT_FROM)
--VALUES(RPB_SEQ.NEXTVAL, '게시글 신고합니다.3', SYSTIMESTAMP, 'W', 3, 1, 'user02');
--
--INSERT INTO REPORT_BOARD(REPORT_NO, REPORT_CONTENT, REPORT_DATE, REPORT_STATUS, BOARD_REPORT_CATEGORY, REPORT_BOARD, REPORT_FROM)
--VALUES(RPB_SEQ.NEXTVAL, '게시글 신고합니다.4', SYSTIMESTAMP, 'W', 4, 1, 'user02');
--
--INSERT INTO REPORT_BOARD(REPORT_NO, REPORT_CONTENT, REPORT_DATE, REPORT_STATUS, BOARD_REPORT_CATEGORY, REPORT_BOARD, REPORT_FROM)
--VALUES(RPB_SEQ.NEXTVAL, '게시글 신고합니다.5', SYSTIMESTAMP, 'W', 5, 1, 'user02');

--------------------- INSERT REPORT_MEMBER ----------------------
--INSERT INTO REPORT_MEMBER(REPORT_NO, REPORT_CONTENT, REPORT_DATE, REPORT_STATUS, MEMBER_REPORT_CATEGORY, REPORT_TO, REPORT_FROM)
--VALUES(RPM_SEQ.NEXTVAL, '회원을 신고합니다.1', SYSTIMESTAMP, 'W', 1, 'user01', 'user01');
--
--INSERT INTO REPORT_MEMBER(REPORT_NO, REPORT_CONTENT, REPORT_DATE, REPORT_STATUS, MEMBER_REPORT_CATEGORY, REPORT_TO, REPORT_FROM)
--VALUES(RPM_SEQ.NEXTVAL, '회원을 신고합니다.2', SYSTIMESTAMP, 'W', 2, 'user02', 'user01');
--
--INSERT INTO REPORT_MEMBER(REPORT_NO, REPORT_CONTENT, REPORT_DATE, REPORT_STATUS, MEMBER_REPORT_CATEGORY, REPORT_TO, REPORT_FROM)
--VALUES(RPM_SEQ.NEXTVAL, '회원을 신고합니다.3', SYSTIMESTAMP, 'W', 3, 'user03', 'user01');
--
--INSERT INTO REPORT_MEMBER(REPORT_NO, REPORT_CONTENT, REPORT_DATE, REPORT_STATUS, MEMBER_REPORT_CATEGORY, REPORT_TO, REPORT_FROM)
--VALUES(RPM_SEQ.NEXTVAL, '회원을 신고합니다.4', SYSTIMESTAMP, 'W', 4, 'user04', 'user01');
--
--INSERT INTO REPORT_MEMBER(REPORT_NO, REPORT_CONTENT, REPORT_DATE, REPORT_STATUS, MEMBER_REPORT_CATEGORY, REPORT_TO, REPORT_FROM)
--VALUES(RPM_SEQ.NEXTVAL, '회원을 신고합니다.5', SYSTIMESTAMP, 'W', 5, 'user01', 'user01');
--
--INSERT INTO REPORT_MEMBER(REPORT_NO, REPORT_CONTENT, REPORT_DATE, REPORT_STATUS, MEMBER_REPORT_CATEGORY, REPORT_TO, REPORT_FROM)
--VALUES(RPM_SEQ.NEXTVAL, '회원을 신고합니다.1', SYSTIMESTAMP, 'W', 1, 'user01', 'user02');
--
--INSERT INTO REPORT_MEMBER(REPORT_NO, REPORT_CONTENT, REPORT_DATE, REPORT_STATUS, MEMBER_REPORT_CATEGORY, REPORT_TO, REPORT_FROM)
--VALUES(RPM_SEQ.NEXTVAL, '회원을 신고합니다.2', SYSTIMESTAMP, 'W', 2, 'user01', 'user02');
--
--INSERT INTO REPORT_MEMBER(REPORT_NO, REPORT_CONTENT, REPORT_DATE, REPORT_STATUS, MEMBER_REPORT_CATEGORY, REPORT_TO, REPORT_FROM)
--VALUES(RPM_SEQ.NEXTVAL, '회원을 신고합니다.3', SYSTIMESTAMP, 'W', 3, 'user01', 'user02');
--
--INSERT INTO REPORT_MEMBER(REPORT_NO, REPORT_CONTENT, REPORT_DATE, REPORT_STATUS, MEMBER_REPORT_CATEGORY, REPORT_TO, REPORT_FROM)
--VALUES(RPM_SEQ.NEXTVAL, '회원을 신고합니다.4', SYSTIMESTAMP, 'W', 4, 'user01', 'user02');
--
--INSERT INTO REPORT_MEMBER(REPORT_NO, REPORT_CONTENT, REPORT_DATE, REPORT_STATUS, MEMBER_REPORT_CATEGORY, REPORT_TO, REPORT_FROM)
--VALUES(RPM_SEQ.NEXTVAL, '회원을 신고합니다.5', SYSTIMESTAMP, 'W', 5, 'user01', 'user02');


--------------------- INSERT CHATTING_ROOM ----------------------
--INSERT INTO CHATTING_ROOM(CHATROOM_ID, CHATROOM_TIME)
--VALUES(CHAT_SEQ.NEXTVAL, SYSTIMESTAMP);

INSERT INTO CHATTING_ROOM(CHATROOM_ID, CHATROOM_TIME)
VALUES(1, SYSTIMESTAMP);

INSERT INTO CHATTING_ROOM(CHATROOM_ID, CHATROOM_TIME)
VALUES(2, SYSTIMESTAMP);

INSERT INTO CHATTING_ROOM(CHATROOM_ID, CHATROOM_TIME)
VALUES(3, SYSTIMESTAMP);

--------------------- INSERT JOIN_ROOM ----------------------
INSERT INTO JOIN_ROOM(JOIN_ID, CHATROOM_ID, JOIN_USERID)
VALUES(JOIN_SEQ.NEXTVAL, 1, 'user01');

INSERT INTO JOIN_ROOM(JOIN_ID, CHATROOM_ID, JOIN_USERID)
VALUES(JOIN_SEQ.NEXTVAL, 1, 'user02');

INSERT INTO JOIN_ROOM(JOIN_ID, CHATROOM_ID, JOIN_USERID)
VALUES(JOIN_SEQ.NEXTVAL, 2, 'user01');

INSERT INTO JOIN_ROOM(JOIN_ID, CHATROOM_ID, JOIN_USERID)
VALUES(JOIN_SEQ.NEXTVAL, 2, 'user03');

INSERT INTO JOIN_ROOM(JOIN_ID, CHATROOM_ID, JOIN_USERID)
VALUES(JOIN_SEQ.NEXTVAL, 3, 'user01');

INSERT INTO JOIN_ROOM(JOIN_ID, CHATROOM_ID, JOIN_USERID)
VALUES(JOIN_SEQ.NEXTVAL, 3, 'user04');

--------------------- INSERT ALL JOIN_ROOM ----------------------
--INSERT ALL
--    INTO JOIN_ROOM(JOIN_ID, CHATROOM_ID, JOIN_USERID) VALUES(JOIN_SEQ.NEXTVAL, 1, 'user01')
--    INTO JOIN_ROOM(JOIN_ID, CHATROOM_ID, JOIN_USERID) VALUES(JOIN_SEQ.NEXTVAL+1, 1, 'user02')
--SELECT * FROM DUAL;
--
--INSERT ALL
--    INTO JOIN_ROOM(JOIN_ID, CHATROOM_ID, JOIN_USERID) VALUES(JOIN_SEQ.NEXTVAL, 2, 'user01')
--    INTO JOIN_ROOM(JOIN_ID, CHATROOM_ID, JOIN_USERID) VALUES(JOIN_SEQ.NEXTVAL+1, 2, 'user03')
--SELECT * FROM DUAL;
--
--INSERT ALL
--    INTO JOIN_ROOM(JOIN_ID, CHATROOM_ID, JOIN_USERID) VALUES(JOIN_SEQ.NEXTVAL, 3, 'user01')
--    INTO JOIN_ROOM(JOIN_ID, CHATROOM_ID, JOIN_USERID) VALUES(JOIN_SEQ.NEXTVAL+1, 3, 'user04')
--SELECT * FROM DUAL;
--
--TRUNCATE TABLE JOIN_ROOM;


--------------------- INSERT MESSAGE ----------------------
INSERT INTO MESSAGE(MESSAGE_ID, MESSAGE_CONTENT, MESSAGE_SENDTIME, MESSAGE_ISREAD, MESSAGE_SENDER, CHATROOM_ID)
VALUES(MSG_SEQ.NEXTVAL, '안녕하세요 USER01입니다 만나서 반갑습니다. 1-1', SYSTIMESTAMP, DEFAULT, 'user01', 1);

INSERT INTO MESSAGE(MESSAGE_ID, MESSAGE_CONTENT, MESSAGE_SENDTIME, MESSAGE_ISREAD, MESSAGE_SENDER, CHATROOM_ID)
VALUES(MSG_SEQ.NEXTVAL, '안녕하세요 USER01입니다 만나서 반갑습니다. 1-2', SYSTIMESTAMP, DEFAULT, 'user01', 1);

INSERT INTO MESSAGE(MESSAGE_ID, MESSAGE_CONTENT, MESSAGE_SENDTIME, MESSAGE_ISREAD, MESSAGE_SENDER, CHATROOM_ID)
VALUES(MSG_SEQ.NEXTVAL, '안녕하세요 USER01입니다 만나서 반갑습니다. 1-3', SYSTIMESTAMP, DEFAULT, 'user01', 1);

INSERT INTO MESSAGE(MESSAGE_ID, MESSAGE_CONTENT, MESSAGE_SENDTIME, MESSAGE_ISREAD, MESSAGE_SENDER, CHATROOM_ID)
VALUES(MSG_SEQ.NEXTVAL, '반가워요 저는 USER02입니다. 1-1', SYSTIMESTAMP, DEFAULT, 'user02', 1);

INSERT INTO MESSAGE(MESSAGE_ID, MESSAGE_CONTENT, MESSAGE_SENDTIME, MESSAGE_ISREAD, MESSAGE_SENDER, CHATROOM_ID)
VALUES(MSG_SEQ.NEXTVAL, '반가워요 저는 USER02입니다. 1-2', SYSTIMESTAMP, DEFAULT, 'user02', 1);

INSERT INTO MESSAGE(MESSAGE_ID, MESSAGE_CONTENT, MESSAGE_SENDTIME, MESSAGE_ISREAD, MESSAGE_SENDER, CHATROOM_ID)
VALUES(MSG_SEQ.NEXTVAL, '반가워요 저는 USER02입니다. 1-3', SYSTIMESTAMP, DEFAULT, 'user02', 1);

INSERT INTO MESSAGE(MESSAGE_ID, MESSAGE_CONTENT, MESSAGE_SENDTIME, MESSAGE_ISREAD, MESSAGE_SENDER, CHATROOM_ID)
VALUES(MSG_SEQ.NEXTVAL, '안녕하세요 USER01입니다 만나서 반갑습니다. 2-1', SYSTIMESTAMP, DEFAULT, 'user01', 2);

INSERT INTO MESSAGE(MESSAGE_ID, MESSAGE_CONTENT, MESSAGE_SENDTIME, MESSAGE_ISREAD, MESSAGE_SENDER, CHATROOM_ID)
VALUES(MSG_SEQ.NEXTVAL, '안녕하세요 USER01입니다 만나서 반갑습니다. 2-2', SYSTIMESTAMP, DEFAULT, 'user01', 2);

INSERT INTO MESSAGE(MESSAGE_ID, MESSAGE_CONTENT, MESSAGE_SENDTIME, MESSAGE_ISREAD, MESSAGE_SENDER, CHATROOM_ID)
VALUES(MSG_SEQ.NEXTVAL, '안녕하세요 USER01입니다 만나서 반갑습니다. 2-3', SYSTIMESTAMP, DEFAULT, 'user01', 2);

INSERT INTO MESSAGE(MESSAGE_ID, MESSAGE_CONTENT, MESSAGE_SENDTIME, MESSAGE_ISREAD, MESSAGE_SENDER, CHATROOM_ID)
VALUES(MSG_SEQ.NEXTVAL, '반가워요 저는 USER03입니다. 2-1', SYSTIMESTAMP, DEFAULT, 'user03', 2);

INSERT INTO MESSAGE(MESSAGE_ID, MESSAGE_CONTENT, MESSAGE_SENDTIME, MESSAGE_ISREAD, MESSAGE_SENDER, CHATROOM_ID)
VALUES(MSG_SEQ.NEXTVAL, '반가워요 저는 USER03입니다. 2-2', SYSTIMESTAMP, DEFAULT, 'user03', 2);

INSERT INTO MESSAGE(MESSAGE_ID, MESSAGE_CONTENT, MESSAGE_SENDTIME, MESSAGE_ISREAD, MESSAGE_SENDER, CHATROOM_ID)
VALUES(MSG_SEQ.NEXTVAL, '반가워요 저는 USER03입니다. 2-3', SYSTIMESTAMP, DEFAULT, 'user03', 2);

INSERT INTO MESSAGE(MESSAGE_ID, MESSAGE_CONTENT, MESSAGE_SENDTIME, MESSAGE_ISREAD, MESSAGE_SENDER, CHATROOM_ID)
VALUES(MSG_SEQ.NEXTVAL, '안녕하세요 USER01입니다 만나서 반갑습니다. 3-1', SYSTIMESTAMP, DEFAULT, 'user01', 3);

INSERT INTO MESSAGE(MESSAGE_ID, MESSAGE_CONTENT, MESSAGE_SENDTIME, MESSAGE_ISREAD, MESSAGE_SENDER, CHATROOM_ID)
VALUES(MSG_SEQ.NEXTVAL, '안녕하세요 USER01입니다 만나서 반갑습니다. 3-2', SYSTIMESTAMP, DEFAULT, 'user01', 3);

INSERT INTO MESSAGE(MESSAGE_ID, MESSAGE_CONTENT, MESSAGE_SENDTIME, MESSAGE_ISREAD, MESSAGE_SENDER, CHATROOM_ID)
VALUES(MSG_SEQ.NEXTVAL, '안녕하세요 USER01입니다 만나서 반갑습니다. 3-3', SYSTIMESTAMP, DEFAULT, 'user01', 3);

INSERT INTO MESSAGE(MESSAGE_ID, MESSAGE_CONTENT, MESSAGE_SENDTIME, MESSAGE_ISREAD, MESSAGE_SENDER, CHATROOM_ID)
VALUES(MSG_SEQ.NEXTVAL, '반가워요 저는 USER04입니다. 3-1', SYSTIMESTAMP, DEFAULT, 'user04', 3);

INSERT INTO MESSAGE(MESSAGE_ID, MESSAGE_CONTENT, MESSAGE_SENDTIME, MESSAGE_ISREAD, MESSAGE_SENDER, CHATROOM_ID)
VALUES(MSG_SEQ.NEXTVAL, '반가워요 저는 USER04입니다. 3-2', SYSTIMESTAMP, DEFAULT, 'user04', 3);

INSERT INTO MESSAGE(MESSAGE_ID, MESSAGE_CONTENT, MESSAGE_SENDTIME, MESSAGE_ISREAD, MESSAGE_SENDER, CHATROOM_ID)
VALUES(MSG_SEQ.NEXTVAL, '반가워요 저는 USER04입니다. 3-3', SYSTIMESTAMP, DEFAULT, 'user04', 3);


----------------------------------------------------------
---------------------- SQL EXAMPLE -----------------------
----------------------------------------------------------

-- 공지사항 글 목록
SELECT EB.*, M.NICKNAME, M.PROFILE_PIC
FROM ETC_BOARD EB INNER JOIN MEMBER M
ON(EB.B_WRITER = M.USERID)
WHERE BOARD_ENABLED = '1' AND BOARD_CATEGORY = '공지사항'
ORDER BY BOARD_NUMBER DESC;

-- 게시글 신고 목록(대기)
SELECT RB.*, BRC.BOARD_REPORT_CATEGORY_NAME, M.NICKNAME, B.B_WRITER, M2.NICKNAME AS "B_WRITER_NICKNAME"
FROM REPORT_BOARD RB INNER JOIN MEMBER M
ON(RB.REPORT_FROM = M.USERID) INNER JOIN BOARD_REPORT_CATEGORIES BRC
ON(RB.BOARD_REPORT_CATEGORY = BRC.BOARD_REPORT_CATEGORY) INNER JOIN BOARD B
ON(RB.REPORT_BOARD = B.BOARD_NUMBER) INNER JOIN MEMBER M2
ON(B.B_WRITER = M2.USERID)
WHERE REPORT_STATUS = 'W'
ORDER BY REPORT_NO DESC;

-- 계정 신고 목록(대기)
SELECT RM.*, MRC.MEMBER_REPORT_CATEGORY_NAME, M.NICKNAME AS "REPORT_TO_NICKNAME", M2.NICKNAME AS "REPORT_FROM_NICKNAME"
FROM REPORT_MEMBER RM INNER JOIN MEMBER M
ON(RM.REPORT_TO = M.USERID) INNER JOIN MEMBER M2
ON(RM.REPORT_FROM = M2.USERID) INNER JOIN MEMBER_REPORT_CATEGORIES MRC
ON(RM.MEMBER_REPORT_CATEGORY = MRC.MEMBER_REPORT_CATEGORY)
WHERE REPORT_STATUS = 'W'
ORDER BY REPORT_NO DESC;

-- 전문가 등록 목록(대기)
SELECT RP.*, M.NICKNAME, M.PROFILE_PIC
FROM REGISTER_PRO RP INNER JOIN MEMBER M
ON(RP.REGISTER_USER = M.USERID)
WHERE REGISTER_APPROVE = 'W'
ORDER BY REGISTER_NO DESC;

-- 전문가 등록 글
SELECT RP.*, M.NICKNAME, M.PROFILE_PIC
FROM REGISTER_PRO RP INNER JOIN MEMBER M
ON(RP.REGISTER_USER = M.USERID)
WHERE REGISTER_NO = 3;


-- 게시글 승인 목록 조회
-- 카테고리 찾아요(찾아요 구분 = 학생 찾아요), 컬럼
SELECT B.*, BC.BOARD_CATEGORY_NAME, M.NICKNAME, M.PROFILE_PIC
FROM BOARD B INNER JOIN MEMBER M
ON(B.B_WRITER = M.USERID) INNER JOIN BOARD_CATEGORIES BC
ON(B.BOARD_CATEGORY = BC.BOARD_CATEGORY)
WHERE BOARD_ENABLED = '1' AND BOARD_APPROVE = 'W' AND ((B.BOARD_CATEGORY = 2 AND SEARCH_TYPE = 'FS') OR B.BOARD_CATEGORY = 3)
ORDER BY BOARD_NUMBER DESC;

-- 게시글 승인 디테일 조회
-- 카테고리 찾아요(찾아요 구분 = 학생 찾아요), 컬럼
SELECT B.*, BC.BOARD_CATEGORY_NAME, M.NICKNAME, M.PROFILE_PIC
FROM BOARD B INNER JOIN MEMBER M
ON(B.B_WRITER = M.USERID) INNER JOIN BOARD_CATEGORIES BC
ON(B.BOARD_CATEGORY = BC.BOARD_CATEGORY)
WHERE BOARD_NUMBER=12 AND BOARD_ENABLED = '1' AND ((B.BOARD_CATEGORY = 2 AND SEARCH_TYPE = 'FS') OR B.BOARD_CATEGORY = 3);


-- 새로운 알람 개수
SELECT COUNT(*) 
FROM ALARM
WHERE ALARM_RECEIVER = 'user01' AND ALARM_ISREAD = '0';

-- 전체 알람 개수
SELECT COUNT(*) 
FROM ALARM
WHERE ALARM_RECEIVER = 'user01';

-- 시스템 알람 개수
SELECT COUNT(*)
FROM ALARM
WHERE ALARM_TYPE = 'Notice' OR (ALARM_RECEIVER = 'user01' AND ALARM_TYPE IN ('RegisterYes', 'RegisterNo', 'BoardReportYes', 'BoardReportNo', 'MemberReportYes', 'MemberReportNo'));

-- 소셜 알람 개수
SELECT COUNT(*) 
FROM ALARM
WHERE ALARM_RECEIVER = 'user01' AND ALARM_TYPE IN ('Follow', 'Like', 'BoardReply', 'ReplyReply');

-- 전체 알람 리스트
SELECT * 
FROM ALARM
WHERE ALARM_RECEIVER = 'user01' OR ALARM_TYPE = 'Notice';

-- 시스템 알람 리스트
SELECT A.*, M1.NICKNAME AS "ALARM_SENDER_NICKNAME", M1.PROFILE_PIC AS "ALARM_SENDER_PROFILE_PIC", 
M2.NICKNAME AS "ALARM_RECEIVER_NICKNAME", M2.PROFILE_PIC AS "ALARM_RECEIVER_PROFILE_PIC", 
BF.FILE_PATH AS "BOARD_FILE_PATH", BF.FILE_CHANGE_NAME AS "BOARD_FILE_CHANGE_NAME"
FROM ALARM A LEFT OUTER JOIN MEMBER M1
ON(A.ALARM_SENDER = M1.USERID) LEFT OUTER JOIN MEMBER M2
ON(A.ALARM_RECEIVER = M2.USERID) LEFT OUTER JOIN BOARD_FILE BF
ON(A.BOARD_NO = BF.BOARD_NUMBER AND BF.FILE_THUMBNAIL='1')
WHERE ALARM_TYPE = 'Notice' OR (ALARM_RECEIVER = 'user01' AND ALARM_TYPE IN ('RegisterYes', 'RegisterNo', 'BoardReportYes', 'BoardReportNo', 'MemberReportYes', 'MemberReportNo'))
ORDER BY ALARM_NO DESC;

-- 소셜 알람 리스트
SELECT A.*, M1.NICKNAME AS "ALARM_SENDER_NICKNAME", M1.PROFILE_PIC AS "ALARM_SENDER_PROFILE_PIC", 
M2.NICKNAME AS "ALARM_RECEIVER_NICKNAME", M2.PROFILE_PIC AS "ALARM_RECEIVER_PROFILE_PIC", 
BF.FILE_PATH AS "BOARD_FILE_PATH", BF.FILE_CHANGE_NAME AS "BOARD_FILE_CHANGE_NAME"
FROM ALARM A LEFT OUTER JOIN MEMBER M1
ON(A.ALARM_SENDER = M1.USERID) LEFT OUTER JOIN MEMBER M2
ON(A.ALARM_RECEIVER = M2.USERID) LEFT OUTER JOIN BOARD_FILE BF
ON(A.BOARD_NO = BF.BOARD_NUMBER AND BF.FILE_THUMBNAIL='1')
WHERE ALARM_RECEIVER = 'user01' AND ALARM_TYPE IN ('Follow', 'Like', 'BoardReply', 'ReplyReply')
ORDER BY ALARM_NO DESC;


-- 채팅 참여 방 리스트(채팅방의 마지막 메세지도 함께 불러오기, 최근 메세지 순으로)
SELECT J.*, M.NICKNAME AS "JOIN_USER_NICKNAME", M.PROFILE_PIC AS "JOIN_USER_PROFILE_PIC", 
    (SELECT MESSAGE_CONTENT
    FROM (SELECT MESSAGE_CONTENT
        FROM MESSAGE MG
        WHERE MG.CHATROOM_ID = J.CHATROOM_ID
        ORDER BY MESSAGE_ID DESC)
    WHERE ROWNUM = 1) AS "LASTMESSAGE",
    (SELECT MESSAGE_SENDTIME
    FROM (SELECT MESSAGE_SENDTIME
        FROM MESSAGE MG
            WHERE MG.CHATROOM_ID = J.CHATROOM_ID
            ORDER BY MESSAGE_ID DESC)
        WHERE ROWNUM = 1) AS "LASTMESSAGE_TIME"
FROM JOIN_ROOM J INNER JOIN MEMBER M
ON(J.JOIN_USERID = M.USERID)
WHERE J.JOIN_USERID != 'user01' AND J.CHATROOM_ID IN (SELECT CHATROOM_ID
                                                        FROM JOIN_ROOM 
                                                        WHERE JOIN_USERID = 'user01')
ORDER BY LASTMESSAGE_TIME DESC;

-- 채팅 참여 방 리스트(채팅방의 마지막 메세지도 함께 불러오기, 최근 메세지 순으로 + 새로온 매세지 갯수)
SELECT J.*, M.NICKNAME AS "JOIN_USER_NICKNAME", M.PROFILE_PIC AS "JOIN_USER_PROFILE_PIC", 
(SELECT MESSAGE_CONTENT
FROM (SELECT MESSAGE_CONTENT
        FROM MESSAGE MG
        WHERE MG.CHATROOM_ID = J.CHATROOM_ID
        ORDER BY MESSAGE_ID DESC)
WHERE ROWNUM = 1) AS "LASTMESSAGE",
(SELECT MESSAGE_SENDTIME
FROM (SELECT MESSAGE_SENDTIME
        FROM MESSAGE MG
        WHERE MG.CHATROOM_ID = J.CHATROOM_ID
        ORDER BY MESSAGE_ID DESC)
WHERE ROWNUM = 1) AS "LASTMESSAGE_TIME",
(SELECT COUNT(*)
FROM MESSAGE MG2
WHERE MG2.CHATROOM_ID = J.CHATROOM_ID AND MESSAGE_SENDER != 'user01' AND MESSAGE_ISREAD = '0') AS "UNREAD_MESSAGE"
FROM JOIN_ROOM J INNER JOIN MEMBER M
ON(J.JOIN_USERID = M.USERID)
WHERE J.JOIN_USERID != 'user01' AND J.CHATROOM_ID IN (SELECT CHATROOM_ID
                                                        FROM JOIN_ROOM 
                                                        WHERE JOIN_USERID = 'user01')
ORDER BY LASTMESSAGE_TIME DESC;

-- user01의 채팅방 리스트
SELECT J.*
FROM JOIN_ROOM J
WHERE J.JOIN_USERID != 'user01' AND J.CHATROOM_ID IN (SELECT CHATROOM_ID
                                                        FROM JOIN_ROOM 
                                                        WHERE JOIN_USERID = 'user01');
                                                        
-- user01의 채팅방 리스트 Only 채팅방
SELECT C.*
FROM CHATTING_ROOM C INNER JOIN JOIN_ROOM J 
ON (C.CHATROOM_ID = J.CHATROOM_ID)
WHERE J.JOIN_USERID = 'user01';

-- user01과 user02의 채팅방
SELECT C.*
FROM CHATTING_ROOM C
WHERE CHATROOM_ID = (SELECT CHATROOM_ID 
                        FROM JOIN_ROOM
                        WHERE JOIN_USERID = 'user01' AND CHATROOM_ID IN (SELECT CHATROOM_ID FROM JOIN_ROOM WHERE JOIN_USERID = 'user02'));

-- 채팅방의 가장 마지막 메세지 내용
SELECT MESSAGE_CONTENT
FROM (SELECT MESSAGE_CONTENT
        FROM MESSAGE
        WHERE CHATROOM_ID = 1
        ORDER BY MESSAGE_ID DESC)
WHERE ROWNUM = 1;

-- 채팅방의 가장 마지막 메세지 시간
SELECT MESSAGE_SENDTIME
FROM (SELECT MESSAGE_SENDTIME
        FROM MESSAGE
        WHERE CHATROOM_ID = 1
        ORDER BY MESSAGE_ID DESC)
WHERE ROWNUM = 1;

-- 채팅방의 전체 메세지 내림차순 나열
SELECT MSG.*, M.NICKNAME AS "MESSAGE_SENDER_NICKNAME", M.PROFILE_PIC AS "MESSAGE_SENDER_PROFILE_PIC"
FROM MESSAGE MSG INNER JOIN MEMBER M
ON (MSG.MESSAGE_SENDER = M.USERID)
WHERE CHATROOM_ID = 1
ORDER BY MESSAGE_ID ASC;

-- 채팅방의 메세지 내림차순 나열 5개씩
SELECT *
FROM (SELECT MSG.*, M.NICKNAME AS "MESSAGE_SENDER_NICKNAME", M.PROFILE_PIC AS "MESSAGE_SENDER_PROFILE_PIC"
    FROM MESSAGE MSG INNER JOIN MEMBER M
    ON (MSG.MESSAGE_SENDER = M.USERID)
    WHERE CHATROOM_ID = 1
    ORDER BY MESSAGE_ID DESC)
WHERE ROWNUM <= 5;

-- 채팅방의 메세지 5개씩 불러오기
SELECT *
FROM (SELECT MSG.*, M.NICKNAME AS "MESSAGE_SENDER_NICKNAME", M.PROFILE_PIC AS "MESSAGE_SENDER_PROFILE_PIC"
    FROM MESSAGE MSG INNER JOIN MEMBER M
    ON (MSG.MESSAGE_SENDER = M.USERID)
    WHERE CHATROOM_ID = 1 AND MSG.MESSAGE_ID <= 20
    ORDER BY MESSAGE_ID DESC)
WHERE ROWNUM <= 5;

-- 채팅방의 메세지 10개씩 불러오기
SELECT *
FROM (SELECT MSG.*, M.NICKNAME AS "MESSAGE_SENDER_NICKNAME", M.PROFILE_PIC AS "MESSAGE_SENDER_PROFILE_PIC"
    FROM MESSAGE MSG INNER JOIN MEMBER M
    ON (MSG.MESSAGE_SENDER = M.USERID)
    WHERE CHATROOM_ID = 1 AND MSG.MESSAGE_ID <= #{messageToStart}
    ORDER BY MESSAGE_ID DESC)
WHERE ROWNUM <= 10;

-- 채팅방 별 읽지 않은 메세지 개수 구하기
SELECT COUNT(*)
FROM MESSAGE
WHERE CHATROOM_ID = 1 AND MESSAGE_SENDER != 'user01' AND MESSAGE_ISREAD = '0';

-- 전체 읽지 않은 메세지 개수 구하기
SELECT COUNT(*)
FROM MESSAGE M
WHERE M.MESSAGE_SENDER IN (SELECT J.JOIN_USERID
                            FROM JOIN_ROOM J
                            WHERE J.JOIN_USERID != 'user02' AND M.CHATROOM_ID IN 
                            (SELECT J.CHATROOM_ID FROM JOIN_ROOM J WHERE JOIN_USERID = 'user02') AND MESSAGE_ISREAD = '0');

-- 채팅방 생성하기 전 채팅방 있는지 여부 확인 --
-- user01이 참여하고 있는 채팅방 목록
SELECT *
FROM JOIN_ROOM
WHERE JOIN_USERID = 'user01';

-- user02가 참여하고 있는 채팅방 목록
SELECT *
FROM JOIN_ROOM
WHERE JOIN_USERID = 'user02';

-- user01과 user02가 참여하고 있는 채팅방 정보
SELECT *
FROM JOIN_ROOM
WHERE JOIN_USERID = 'user01' AND CHATROOM_ID IN (SELECT CHATROOM_ID FROM JOIN_ROOM WHERE JOIN_USERID = 'user02');

-- user01과 user02가 참여하고 있는 채팅방 모든 정보
SELECT *
FROM JOIN_ROOM
WHERE JOIN_USERID = 'user01' AND CHATROOM_ID IN (SELECT CHATROOM_ID FROM JOIN_ROOM WHERE JOIN_USERID = 'user02');

-- 채팅 참여 방 정보
SELECT J.*, M.NICKNAME AS "JOIN_USER_NICKNAME", M.PROFILE_PIC AS "JOIN_USER_PROFILE_PIC", 
(SELECT MESSAGE_CONTENT
FROM (SELECT MESSAGE_CONTENT
        FROM MESSAGE
        WHERE CHATROOM_ID = 1
        ORDER BY MESSAGE_ID DESC)
WHERE ROWNUM = 1) AS "LASTMESSAGE",
(SELECT MESSAGE_SENDTIME
FROM (SELECT MESSAGE_SENDTIME
        FROM MESSAGE
        WHERE CHATROOM_ID = 1
        ORDER BY MESSAGE_ID DESC)
WHERE ROWNUM = 1) AS "LASTMESSAGE_TIME",
(SELECT COUNT(*)
FROM MESSAGE MG2
WHERE MG2.CHATROOM_ID = 1 AND MESSAGE_SENDER = 'user02' AND MESSAGE_ISREAD = '0') AS "UNREAD_MESSAGE"
FROM JOIN_ROOM J INNER JOIN MEMBER M
ON(J.JOIN_USERID = M.USERID)
WHERE J.JOIN_USERID = 'user02' AND J.CHATROOM_ID = 1;

-- 채팅 참여 방 정보
SELECT J.*, M.NICKNAME AS "JOIN_USER_NICKNAME", M.PROFILE_PIC AS "JOIN_USER_PROFILE_PIC", 
(SELECT MESSAGE_CONTENT
FROM (SELECT MESSAGE_CONTENT
        FROM MESSAGE
        WHERE CHATROOM_ID = 1
        ORDER BY MESSAGE_ID DESC)
WHERE ROWNUM = 1) AS "LASTMESSAGE",
(SELECT MESSAGE_SENDTIME
FROM (SELECT MESSAGE_SENDTIME
        FROM MESSAGE
        WHERE CHATROOM_ID = 1
        ORDER BY MESSAGE_ID DESC)
WHERE ROWNUM = 1) AS "LASTMESSAGE_TIME",
(SELECT COUNT(*)
FROM MESSAGE MG2
WHERE MG2.CHATROOM_ID = 1 AND MESSAGE_SENDER = 'user02' AND MESSAGE_ISREAD = '0') AS "UNREAD_MESSAGE"
FROM JOIN_ROOM J INNER JOIN MEMBER M
ON(J.JOIN_USERID = M.USERID)
WHERE J.JOIN_USERID = 'user02' AND J.CHATROOM_ID = 1;

-- user01과 user02가 참여하고 있는 채팅방 여부
SELECT COUNT(*)
FROM JOIN_ROOM
WHERE JOIN_USERID = 'user01' AND CHATROOM_ID IN (SELECT CHATROOM_ID FROM JOIN_ROOM WHERE JOIN_USERID = 'user02');

-- 채팅방의 매세지 중 상대방의 매세지만 추출
SELECT *
FROM MESSAGE
WHERE CHATROOM_ID = 1 AND MESSAGE_SENDER != 'user01'
ORDER BY MESSAGE_ID DESC;

-- 채팅방의 매세지 중 안읽은 상대방의 매세지만 추출
SELECT *
FROM MESSAGE
WHERE CHATROOM_ID = 1 AND MESSAGE_SENDER != 'user01' AND MESSAGE_ISREAD = '0'
ORDER BY MESSAGE_ID DESC;

-- 채팅방의 매세지 읽음 처리
UPDATE MESSAGE SET MESSAGE_ISREAD = '1'
WHERE CHATROOM_ID = 1 AND MESSAGE_SENDER != 'user01' AND MESSAGE_ISREAD = '0';

-- 모든 매세지 읽음 처리
UPDATE MESSAGE SET MESSAGE_ISREAD = '0';

DELETE FROM ALARM 
WHERE ALARM_TYPE = 'Like' AND ALARM_SENDER = 'user01' AND ALARM_RECEIVER = 'user01' 
AND (BOARD_NO = 121 OR REPLY_NO = 1 OR ETC_BOARD_NO = 1 OR REGISTER_NO = 1 OR M_REPORT_NO = 1 OR B_REPORT_NO = 1);

SELECT EB_SEQ.CURRVAL+1 FROM DUAL;

DELETE FROM BOARD_FILE;


-- 현재 채팅방의 정보
SELECT J.*, M.NICKNAME AS "JOIN_USER_NICKNAME", M.PROFILE_PIC AS "JOIN_USER_PROFILE_PIC", 
(SELECT MESSAGE_CONTENT
FROM (SELECT MESSAGE_CONTENT
        FROM MESSAGE
        WHERE CHATROOM_ID = 1
        ORDER BY MESSAGE_ID DESC)
WHERE ROWNUM = 1) AS "LASTMESSAGE",
(SELECT MESSAGE_SENDTIME
FROM (SELECT MESSAGE_SENDTIME
        FROM MESSAGE
        WHERE CHATROOM_ID = 1
        ORDER BY MESSAGE_ID DESC)
WHERE ROWNUM = 1) AS "LASTMESSAGE_TIME",
(SELECT COUNT(*)
FROM MESSAGE MG2
WHERE MG2.CHATROOM_ID = 1 AND MESSAGE_SENDER = 'user02' AND MESSAGE_ISREAD = '0') AS "UNREAD_MESSAGE"
FROM JOIN_ROOM J INNER JOIN MEMBER M
ON(J.JOIN_USERID = M.USERID)
WHERE J.JOIN_USERID = 'user02' AND J.CHATROOM_ID = 1;


SELECT A.*, M1.NICKNAME AS "ALARM_SENDER_NICKNAME", M1.PROFILE_PIC AS "ALARM_SENDER_PROFILE_PIC", 
		M2.NICKNAME AS "ALARM_RECEIVER_NICKNAME", M2.PROFILE_PIC AS "ALARM_RECEIVER_PROFILE_PIC", 
		BF.FILE_PATH AS "BOARD_FILE_PATH", BF.FILE_CHANGE_NAME AS "BOARD_FILE_CHANGE_NAME"
		FROM ALARM A LEFT OUTER JOIN MEMBER M1
		ON(A.ALARM_SENDER = M1.USERID) LEFT OUTER JOIN MEMBER M2
		ON(A.ALARM_RECEIVER = M2.USERID) LEFT OUTER JOIN BOARD_FILE BF
		ON(A.BOARD_NO = BF.BOARD_NUMBER AND BF.FILE_THUMBNAIL='1')
		WHERE (ALARM_RECEIVER = 'user01' AND ALARM_TYPE IN ('RegisterYes', 'RegisterNo', 'BoardReportYes', 'BoardReportNo', 
		'MemberReportYes', 'MemberReportNo', 'BoardApproveYes', 'BoardApproveNo')) OR ALARM_TYPE = 'Notice' 
		ORDER BY ALARM_NO DESC;


























